Mission ID,Mission Date,Year,Theater of Operations,Theater of Operations Full Name,Country,Air Force,Aircraft Series,Takeoff Base,Takeoff Base Formatted,Takeoff Location,Takeoff Country Formatted,Takeoff Latitude,Takeoff Longitude,Target ID,Target Country,Target Country Formatted,Target City,Target Type,Target Industry,Target Latitude,Target Longitude,Altitude (Hundreds of Feet),Airborne Aircraft,High Explosives,High Explosives Type,High Explosives Weight (Pounds),Total Weight (Tons)
126965,10/8/42,1942,PTO,Pacific Theater,AUSTRALIA,RAAF,HUDSON,BATCHELOR FIELD,Batchelor Field,AUSTRALIA,Australia,-13.0535,131.0234,,TIMOR,Timor,OFF BECO?,ENEMY SHIPPING,,-9.210307,125.39372,29,,,100 LB GP (GP-M30),2900,1.45
126967,10/8/42,1942,PTO,Pacific Theater,AUSTRALIA,RAAF,HUDSON,BATCHELOR FIELD,Batchelor Field,AUSTRALIA,Australia,-13.0535,131.0234,,TIMOR,Timor,OFF BECO?,ENEMY SHIPPING,,-9.210307,125.39372,26,,,250 LB GP (GP-M57),6500,3.25
127354,16/8/42,1942,PTO,Pacific Theater,AUSTRALIA,RAAF,HUDSON,BATCHELOR FIELD,Batchelor Field,AUSTRALIA,Australia,-13.0535,131.0234,,TIMOR,Timor,MAPE,,,-9.155,125.453611,,,9,100 LB GP (GP-M30),900,0.45
127355,16/8/42,1942,PTO,Pacific Theater,AUSTRALIA,RAAF,HUDSON,BATCHELOR FIELD,Batchelor Field,AUSTRALIA,Australia,-13.0535,131.0234,,TIMOR,Timor,MAPE,,,-9.155,125.453611,,,3,2000 LB GP (GP-M34/M66),6000,3.075
131108,15/10/42,1942,PTO,Pacific Theater,AUSTRALIA,RAAF,HUDSON,BATCHELOR FIELD,Batchelor Field,AUSTRALIA,Australia,-13.0535,131.0234,,TIMOR,Timor,AILEU,BUILDINGS,,-8.728056,125.566389,,,4,100 LB GP (GP-M30),400,0.2
131109,15/10/42,1942,PTO,Pacific Theater,AUSTRALIA,RAAF,HUDSON,BATCHELOR FIELD,Batchelor Field,AUSTRALIA,Australia,-13.0535,131.0234,,TIMOR,Timor,AILEU,BUILDINGS,,-8.728056,125.566389,0,,2,250 LB GP (GP-M57),500,0.25
131177,21/10/42,1942,PTO,Pacific Theater,AUSTRALIA,RAAF,HUDSON,BATCHELOR FIELD,Batchelor Field,AUSTRALIA,Australia,-13.0535,131.0234,,TIMOR,Timor,MOABISSE,VILLAGE,,-8.838056,125.597222,,,6,100 LB GP (GP-M30),600,0.3
131178,21/10/42,1942,PTO,Pacific Theater,AUSTRALIA,RAAF,HUDSON,BATCHELOR FIELD,Batchelor Field,AUSTRALIA,Australia,-13.0535,131.0234,,TIMOR,Timor,MOABISSE,VILLAGE,,-8.838056,125.597222,,,6,250 LB GP (GP-M57),1500,1.15
132306,4/11/42,1942,PTO,Pacific Theater,AUSTRALIA,RAAF,HUDSON,BATCHELOR FIELD,Batchelor Field,AUSTRALIA,Australia,-13.0535,131.0234,,TIMOR,Timor,MOABISSE,,,-8.838056,125.597222,50,,18,250 LB GP (GP-M57),4500,2.25
132307,4/11/42,1942,PTO,Pacific Theater,AUSTRALIA,RAAF,HUDSON,BATCHELOR FIELD,Batchelor Field,AUSTRALIA,Australia,-13.0535,131.0234,,TIMOR,Timor,MOABISSE,,,-8.838056,125.597222,50,,18,100 LB GP (GP-M30),1800,0.9
132730,11/11/42,1942,PTO,Pacific Theater,AUSTRALIA,RAAF,HUDSON,BATCHELOR FIELD,Batchelor Field,AUSTRALIA,Australia,-13.0535,131.0234,,TIMOR,Timor,MOABISSE,BUILDINGS,,-8.838056,125.597222,,,12,250 LB GP (GP-M57),3000,1.5
132798,16/11/42,1942,PTO,Pacific Theater,AUSTRALIA,RAAF,HUDSON,BATCHELOR FIELD,Batchelor Field,AUSTRALIA,Australia,-13.0535,131.0234,,TIMOR,Timor,MOABISSE,BUILDINGS,,-8.838056,125.597222,80,,12,250 LB GP (GP-M57),3000,1.5
133002,16/11/42,1942,PTO,Pacific Theater,AUSTRALIA,RAAF,HUDSON,BATCHELOR FIELD,Batchelor Field,AUSTRALIA,Australia,-13.0535,131.0234,,TIMOR,Timor,MOABISSE,BUILDINGS,,-8.838056,125.597222,80,,6,100 LB GP (GP-M30),600,0.3
133862,28/11/42,1942,PTO,Pacific Theater,AUSTRALIA,RAAF,HUDSON,BATCHELOR FIELD,Batchelor Field,AUSTRALIA,Australia,-13.0535,131.0234,,TIMOR,Timor,MOABISSE,BUILDINGS,,-8.838056,125.597222,,,6,250 LB GP (GP-M57),1500,0.75
133865,28/11/42,1942,PTO,Pacific Theater,AUSTRALIA,RAAF,HUDSON,BATCHELOR FIELD,Batchelor Field,AUSTRALIA,Australia,-13.0535,131.0234,,TIMOR,Timor,MOABISSE,BUILDINGS,,-8.838056,125.597222,0,,2,100 LB GP (GP-M30),,
133867,28/11/42,1942,PTO,Pacific Theater,AUSTRALIA,RAAF,HUDSON,BATCHELOR FIELD,Batchelor Field,AUSTRALIA,Australia,-13.0535,131.0234,,TIMOR,Timor,MOABISSE,BUILDINGS,,-8.838056,125.597222,,,0,250 LB GP (GP-M57),1350,0.675
135371,16/12/42,1942,PTO,Pacific Theater,AUSTRALIA,RAAF,HUDSON,BATCHELOR FIELD,Batchelor Field,AUSTRALIA,Australia,-13.0535,131.0234,,TIMOR,Timor,MOABISSE - TIMOR AREA,TOWN,,-8.838056,125.597222,80,3,12,250 LB GP (GP-M57),3000,1.68
127786,26/8/42,1942,PTO,Pacific Theater,AUSTRALIA,RAAF,HUDSON,BATCHELOR FIELD,Batchelor Field,AUSTRALIA,Australia,-13.0535,131.0234,,TIMOR,Timor,DILI,TOWN,,-8.55,125.66667,20,,,250 LB GP (GP-M57),5000,2.65
129944,24/9/42,1942,PTO,Pacific Theater,AUSTRALIA,RAAF,HUDSON,BATCHELOR FIELD,Batchelor Field,AUSTRALIA,Australia,-13.0535,131.0234,,TIMOR,Timor,DILI,SHIPPING,,-8.55,125.66667,,,5,100 LB GP (GP-M30),500,0.25
129948,25/9/42,1942,PTO,Pacific Theater,AUSTRALIA,RAAF,HUDSON,BATCHELOR FIELD,Batchelor Field,AUSTRALIA,Australia,-13.0535,131.0234,,TIMOR,Timor,DILI,MOTOR PARK,,-8.55,125.66667,,,12,100 LB GP (GP-M30),1200,0.6
129950,25/9/42,1942,PTO,Pacific Theater,AUSTRALIA,RAAF,HUDSON,BATCHELOR FIELD,Batchelor Field,AUSTRALIA,Australia,-13.0535,131.0234,,TIMOR,Timor,DILI,TOWN,,-8.55,125.66667,0,,4,250 LB GP (GP-M57),1000,0.5
131990,3/11/42,1942,PTO,Pacific Theater,AUSTRALIA,RAAF,HUDSON,BATCHELOR FIELD,Batchelor Field,AUSTRALIA,Australia,-13.0535,131.0234,,TIMOR,Timor,DILI,BUILDINGS,,-8.55,125.66667,95,,12,250 LB GP (GP-M57),3000,1.71
131991,3/11/42,1942,PTO,Pacific Theater,AUSTRALIA,RAAF,HUDSON,BATCHELOR FIELD,Batchelor Field,AUSTRALIA,Australia,-13.0535,131.0234,,TIMOR,Timor,DILI,BUILDINGS,,-8.55,125.66667,95,,4,100 LB GP (GP-M30),400,0.2
135393,17/12/42,1942,PTO,Pacific Theater,AUSTRALIA,RAAF,HUDSON,BATCHELOR FIELD,Batchelor Field,AUSTRALIA,Australia,-13.0535,131.0234,,TIMOR,Timor,TURASCAI VILLAGE - TIMOR,TOWN,,-8.821967,125.70563,,3,12,250 LB GP (GP-M57),3000,1.684
133018,17/11/42,1942,PTO,Pacific Theater,AUSTRALIA,RAAF,HUDSON,BATCHELOR FIELD,Batchelor Field,AUSTRALIA,Australia,-13.0535,131.0234,,TIMOR,Timor,BAUCAU,BUILDINGS,,-8.471111,126.458333,500,,30,100 LB GP (GP-M30),3000,1.5
133019,17/11/42,1942,PTO,Pacific Theater,AUSTRALIA,RAAF,HUDSON,BATCHELOR FIELD,Batchelor Field,AUSTRALIA,Australia,-13.0535,131.0234,,TIMOR,Timor,BAUCAU,BUILDINGS,,-8.471111,126.458333,5,,18,250 LB GP (GP-M57),4500,2.4
133023,17/11/42,1942,PTO,Pacific Theater,AUSTRALIA,RAAF,HUDSON,BATCHELOR FIELD,Batchelor Field,AUSTRALIA,Australia,-13.0535,131.0234,,TIMOR,Timor,BAUCAU,BUILDINGS,,-8.471111,126.458333,0.12,,12,250 LB GP (GP-M57),3000,1.5
133027,17/11/42,1942,PTO,Pacific Theater,AUSTRALIA,RAAF,HUDSON,BATCHELOR FIELD,Batchelor Field,AUSTRALIA,Australia,-13.0535,131.0234,,TIMOR,Timor,BAUCAU,BUILDINGS,,-8.471111,126.458333,55,,6,100 LB GP (GP-M30),600,0.3
136552,26/12/42,1942,PTO,Pacific Theater,AUSTRALIA,RAAF,HUDSON,BATCHELOR FIELD,Batchelor Field,AUSTRALIA,Australia,-13.0535,131.0234,,TIMOR,Timor,LAGA STORES - TIMOR AREA,,,-8.48891,126.572322,30,6,,250 LB GP (GP-M57),6000,3.32
136512,24/12/42,1942,PTO,Pacific Theater,AUSTRALIA,RAAF,HUDSON,BATCHELOR FIELD,Batchelor Field,AUSTRALIA,Australia,-13.0535,131.0234,,TIMOR,Timor,"""LAIVAI HARBOR, TIMOR AREA: 4 TRANSPORTS, 1 DESTROYER""",ENEMY WARSHIPS,,-8.763494,126.803217,,4,16,250 LB GP (GP-M57),4000,2
136518,24/12/42,1942,PTO,Pacific Theater,AUSTRALIA,RAAF,HUDSON,BATCHELOR FIELD,Batchelor Field,AUSTRALIA,Australia,-13.0535,131.0234,,TIMOR,Timor,"""LAIVAI HARBOR, TIMOR AREA: 4 TRANSPORTS, 1 DESTROYER - DIRECT HIT ON 6000 T TRANSPORT""",ENEMY WARSHIPS,,-8.763494,126.803217,,4,9,250 LB GP (GP-M57),2250,1.125
136519,24/12/42,1942,PTO,Pacific Theater,AUSTRALIA,RAAF,HUDSON,BATCHELOR FIELD,Batchelor Field,AUSTRALIA,Australia,-13.0535,131.0234,,TIMOR,Timor,"""LAIVAI HARBOR, TIMOR AREA: 4 TRANSPORTS, 1 DESTROYER""",ENEMY WARSHIPS,,-8.763494,126.803217,,4,8,100 LB GP (GP-M30),800,0.4
136523,24/12/42,1942,PTO,Pacific Theater,AUSTRALIA,RAAF,HUDSON,BATCHELOR FIELD,Batchelor Field,AUSTRALIA,Australia,-13.0535,131.0234,,TIMOR,Timor,"""LAIVAI HARBOR, TIMOR AREA: 4 TRANSPORTS, 1 DESTROYER - DIRECT HIT ON 6000 T TRANSPORT""",ENEMY WARSHIPS,,-8.763494,126.803217,,4,2,100 LB GP (GP-M30),200,0.1
128170,29/8/42,1942,PTO,Pacific Theater,AUSTRALIA,RAAF,HUDSON,BATCHELOR FIELD,Batchelor Field,AUSTRALIA,Australia,-13.0535,131.0234,,TIMOR,Timor,AMBON AREA,CARGO VESSEL,,-3.695426,128.181405,0,,2,250 LB GP (GP-M57),500,0.25
134613,4/12/42,1942,PTO,Pacific Theater,AUSTRALIA,RAAF,HUDSON,BATCHELOR FIELD,Batchelor Field,AUSTRALIA,Australia,-13.0535,131.0234,,AUSTRALIA,Australia,DARWIN AREA - ATTACKED ONE LUGGER OF 20 TONS,ENEMY MERCHANT SHIPPING,,-12.033801,128.984129,,3,2,100 LB GP (GP-M30),200,0.1
131594,26/10/42,1942,PTO,Pacific Theater,AUSTRALIA,RAAF,HUDSON,BATCHELOR FIELD,Batchelor Field,AUSTRALIA,Australia,-13.0535,131.0234,,NEW GUINEA,New Guinea,PENFOEI,AIRDROME,,-8.666666667,151.3333333,,,4,250 LB GP (GP-M57),1000,0.525
133826,26/11/42,1942,PTO,Pacific Theater,AUSTRALIA,RAAF,HUDSON,BATCHELOR FIELD,Batchelor Field,AUSTRALIA,Australia,-13.0535,131.0234,,NEW GUINEA,New Guinea,NOVA NUSA,BUILDINGS,,-5.466666667,154.65,,,6,100 LB GP (GP-M30),600,0.3
133837,26/11/42,1942,PTO,Pacific Theater,AUSTRALIA,RAAF,HUDSON,BATCHELOR FIELD,Batchelor Field,AUSTRALIA,Australia,-13.0535,131.0234,,NEW GUINEA,New Guinea,NOVA NUSA [NOVA],BUILDINGS,,-5.466666667,154.65,24,,,250 LB GP (GP-M57),6000,3.3
133847,27/11/42,1942,PTO,Pacific Theater,AUSTRALIA,RAAF,HUDSON,BATCHELOR FIELD,Batchelor Field,AUSTRALIA,Australia,-13.0535,131.0234,,NEW GUINEA,New Guinea,NOVA NUSA,BUILDINGS,,-5.466666667,154.65,,,12,250 LB GP (GP-M57),3000,1.65
133853,27/11/42,1942,PTO,Pacific Theater,AUSTRALIA,RAAF,HUDSON,BATCHELOR FIELD,Batchelor Field,AUSTRALIA,Australia,-13.0535,131.0234,,NEW GUINEA,New Guinea,NOVA NUSA,BUILDINGS,,-5.466666667,154.65,,,3,100 LB GP (GP-M30),300,0.15
135761,19/12/42,1942,PTO,Pacific Theater,AUSTRALIA,RAAF,CATALINA,CAIRNS,Cairns,AUSTRALIA,Australia,-16.8858,145.7553,,NEW GUINEA,New Guinea,MADANG AREA - ENEMY DESTROYERS,HARBOR,,-5.208836,145.788189,,1,6,250 LB GP (GP-M57),1500,0.75
123726,27/6/42,1942,PTO,Pacific Theater,AUSTRALIA,RAAF,CATALINA,CAIRNS,Cairns,AUSTRALIA,Australia,-16.8858,145.7553,,NEW GUINEA,New Guinea,LAE A/D,AIRFIELD,,-6.74143,146.989626,80,,6,250 LB GP (GP-M57),1500,0.79
123777,30/6/42,1942,PTO,Pacific Theater,AUSTRALIA,RAAF,CATALINA,CAIRNS,Cairns,AUSTRALIA,Australia,-16.8858,145.7553,,NEW GUINEA,New Guinea,LAE A/D,AIRFIELD,,-6.74143,146.989626,,,8,250 LB GP (GP-M57),2000,1
123780,30/6/42,1942,PTO,Pacific Theater,AUSTRALIA,RAAF,CATALINA,CAIRNS,Cairns,AUSTRALIA,Australia,-16.8858,145.7553,,NEW GUINEA,New Guinea,LAE A/D,AIRFIELD,,-6.74143,146.989626,,,3,300 LB GP (GP-31),900,0.45
124130,3/7/42,1942,PTO,Pacific Theater,AUSTRALIA,RAAF,CATALINA,CAIRNS,Cairns,AUSTRALIA,Australia,-16.8858,145.7553,,NEW GUINEA,New Guinea,LAE A/D,AIRFIELD,,-6.74143,146.989626,120,,8,250 LB GP (GP-M57),2000,1
124131,3/7/42,1942,PTO,Pacific Theater,AUSTRALIA,RAAF,CATALINA,CAIRNS,Cairns,AUSTRALIA,Australia,-16.8858,145.7553,,NEW GUINEA,New Guinea,LAE A/D,AIRFIELD,,-6.74143,146.989626,70,,8,250 LB GP (GP-M57),2000,1.08
124132,3/7/42,1942,PTO,Pacific Theater,AUSTRALIA,RAAF,CATALINA,CAIRNS,Cairns,AUSTRALIA,Australia,-16.8858,145.7553,,NEW GUINEA,New Guinea,LAE A/D,AIRFIELD,,-6.74143,146.989626,55,,8,250 LB GP (GP-M57),2000,1
124133,3/7/42,1942,PTO,Pacific Theater,AUSTRALIA,RAAF,CATALINA,CAIRNS,Cairns,AUSTRALIA,Australia,-16.8858,145.7553,,NEW GUINEA,New Guinea,LAE A/D,AIRFIELD,,-6.74143,146.989626,45,,8,250 LB GP (GP-M57),2000,1.08
125319,24/7/42,1942,PTO,Pacific Theater,AUSTRALIA,RAAF,CATALINA,CAIRNS,Cairns,AUSTRALIA,Australia,-16.8858,145.7553,,NEW GUINEA,New Guinea,LAE A/D,AIRFIELD,,-6.74143,146.989626,40,,,500 LB GP (GP-M43/M64),2000,1.85
131968,31/10/42,1942,PTO,Pacific Theater,AUSTRALIA,RAAF,CATALINA,CAIRNS,Cairns,AUSTRALIA,Australia,-16.8858,145.7553,,NEW GUINEA,New Guinea,LAE A/D,AIRFIELD,,-6.74143,146.989626,,,,,,0.12
136161,22/12/42,1942,PTO,Pacific Theater,AUSTRALIA,RAAF,CATALINA,CAIRNS,Cairns,AUSTRALIA,Australia,-16.8858,145.7553,,NEW GUINEA,New Guinea,LAE AREA : DESTROYER,HARBOR,,-6.74143,146.989626,40,2,5,250 LB GP (GP-M57),1250,0.625
133852,27/11/42,1942,PTO,Pacific Theater,AUSTRALIA,RAAF,CATALINA,CAIRNS,Cairns,AUSTRALIA,Australia,-16.8858,145.7553,,NEW GUINEA,New Guinea,HUON GULF,SUBMARINE,,-6.833333333,147.1666667,14,,4,250 LB GP (GP-M57),1000,0.5
133809,25/11/42,1942,PTO,Pacific Theater,AUSTRALIA,RAAF,CATALINA,CAIRNS,Cairns,AUSTRALIA,Australia,-16.8858,145.7553,,NEW GUINEA,New Guinea,BUNA - LAE,ENEMY WARSHIPS,,-7.342728,147.81981,,,4,250 LB GP (GP-M57),1000,0.5
134265,2/12/42,1942,PTO,Pacific Theater,AUSTRALIA,RAAF,CATALINA,CAIRNS,Cairns,AUSTRALIA,Australia,-16.8858,145.7553,,NEW GUINEA,New Guinea,BUNA - LAE DESTROYER,ENEMY WARSHIPS,,-7.342728,147.81981,,2,4,250 LB GP (GP-M57),1000,0.5
125318,24/7/42,1942,PTO,Pacific Theater,AUSTRALIA,RAAF,CATALINA,CAIRNS,Cairns,AUSTRALIA,Australia,-16.8858,145.7553,,NEW GUINEA,New Guinea,GONA,,,-8.616666667,148.2833333,48,,,500 LB GP (GP-M43/M64),2000,1.745
125744,27/7/42,1942,PTO,Pacific Theater,AUSTRALIA,RAAF,CATALINA,CAIRNS,Cairns,AUSTRALIA,Australia,-16.8858,145.7553,,NEW GUINEA,New Guinea,GONA MISSION,HUTS,,-8.616666667,148.2833333,25,,16,250 LB GP (GP-M57),4000,3.2
133834,26/11/42,1942,PTO,Pacific Theater,AUSTRALIA,RAAF,CATALINA,CAIRNS,Cairns,AUSTRALIA,Australia,-16.8858,145.7553,,NEW GUINEA,New Guinea,GONA AREA,,,-8.616666667,148.2833333,200,,,,,1.08
136134,21/12/42,1942,PTO,Pacific Theater,AUSTRALIA,RAAF,CATALINA,CAIRNS,Cairns,AUSTRALIA,Australia,-16.8858,145.7553,,BISMARK ARCHIPELAGO,Bismark Archipelago,ARAWE: ENEMY VESSEL,ENEMY SHIPPING,,-6.166438,149.03341,0.04,1,4,250 LB GP (GP-M57),1000,0.5
136135,21/12/42,1942,PTO,Pacific Theater,AUSTRALIA,RAAF,CATALINA,CAIRNS,Cairns,AUSTRALIA,Australia,-16.8858,145.7553,,BISMARK ARCHIPELAGO,Bismark Archipelago,ARAWE: ENEMY VESSEL,ENEMY SHIPPING,,-6.166438,149.03341,30,1,2,325 LB DC (DB-MK 17/47),650,0.325
134698,8/12/42,1942,PTO,Pacific Theater,AUSTRALIA,RAAF,CATALINA,CAIRNS,Cairns,AUSTRALIA,Australia,-16.8858,145.7553,,NEW GUINEA,New Guinea,GASMATA A/D,AIRFIELD,,-6.270793,150.332073,,2,4,250 LB GP (GP-M57),1000,0.5
131577,25/10/42,1942,PTO,Pacific Theater,AUSTRALIA,RAAF,CATALINA,CAIRNS,Cairns,AUSTRALIA,Australia,-16.8858,145.7553,,BISMARK ARCHIPELAGO,Bismark Archipelago,KAVIENG A/D,FUEL DUMP,,-2.579032,150.807331,,,18,250 LB GP (GP-M57),4500,2.25
131579,25/10/42,1942,PTO,Pacific Theater,AUSTRALIA,RAAF,CATALINA,CAIRNS,Cairns,AUSTRALIA,Australia,-16.8858,145.7553,,BISMARK ARCHIPELAGO,Bismark Archipelago,KAVIENG A/D,FUEL DUMP,,-2.579032,150.807331,,,16,500 LB GP (GP-M43/M64),8000,5
132379,9/11/42,1942,PTO,Pacific Theater,AUSTRALIA,RAAF,CATALINA,CAIRNS,Cairns,AUSTRALIA,Australia,-16.8858,145.7553,,BISMARK ARCHIPELAGO,Bismark Archipelago,KAVIENG A/D,AIRFIELD,,-2.579032,150.807331,90,,10,250 LB GP (GP-M57),2500,1.25
132383,9/11/42,1942,PTO,Pacific Theater,AUSTRALIA,RAAF,CATALINA,CAIRNS,Cairns,AUSTRALIA,Australia,-16.8858,145.7553,,BISMARK ARCHIPELAGO,Bismark Archipelago,KAVIENG A/D,AIRFIELD,,-2.579032,150.807331,76,,,500 LB GP (GP-M43/M64),5000,3.1
133067,19/11/42,1942,PTO,Pacific Theater,AUSTRALIA,RAAF,CATALINA,CAIRNS,Cairns,AUSTRALIA,Australia,-16.8858,145.7553,,BISMARK ARCHIPELAGO,Bismark Archipelago,KAVIENG A/D,AIRFIELD,,-2.579032,150.807331,24,,17,500 LB GP (GP-M43/M64),8500,5.21
133068,19/11/42,1942,PTO,Pacific Theater,AUSTRALIA,RAAF,CATALINA,CAIRNS,Cairns,AUSTRALIA,Australia,-16.8858,145.7553,,BISMARK ARCHIPELAGO,Bismark Archipelago,KAVIENG A/D,AIRFIELD,,-2.579032,150.807331,24,,16,250 LB GP (GP-M57),4000,2
133071,20/11/42,1942,PTO,Pacific Theater,AUSTRALIA,RAAF,CATALINA,CAIRNS,Cairns,AUSTRALIA,Australia,-16.8858,145.7553,,BISMARK ARCHIPELAGO,Bismark Archipelago,KAVIENG A/D,AIRFIELD,,-2.579032,150.807331,55,,4,250 LB GP (GP-M57),1000,0.5
133072,20/11/42,1942,PTO,Pacific Theater,AUSTRALIA,RAAF,CATALINA,CAIRNS,Cairns,AUSTRALIA,Australia,-16.8858,145.7553,,BISMARK ARCHIPELAGO,Bismark Archipelago,KAVIENG A/D,AIRFIELD,,-2.579032,150.807331,55,,,500 LB GP (GP-M43/M64),1000,0.65
133093,21/11/42,1942,PTO,Pacific Theater,AUSTRALIA,RAAF,CATALINA,CAIRNS,Cairns,AUSTRALIA,Australia,-16.8858,145.7553,,BISMARK ARCHIPELAGO,Bismark Archipelago,KAVIENG A/D,AIRFIELD,,-2.579032,150.807331,,,,250 LB GP (GP-M57),2000,1.3
133435,23/11/42,1942,PTO,Pacific Theater,AUSTRALIA,RAAF,CATALINA,CAIRNS,Cairns,AUSTRALIA,Australia,-16.8858,145.7553,,BISMARK ARCHIPELAGO,Bismark Archipelago,KAVIENG A/D,AIRFIELD,,-2.579032,150.807331,,,6,500 LB GP (GP-M43/M64),3000,1.7
133860,28/11/42,1942,PTO,Pacific Theater,AUSTRALIA,RAAF,CATALINA,CAIRNS,Cairns,AUSTRALIA,Australia,-16.8858,145.7553,,BISMARK ARCHIPELAGO,Bismark Archipelago,KAVIENG A/D,AIRFIELD,,-2.579032,150.807331,80,,17,250 LB GP (GP-M57),4250,2.125
133868,28/11/42,1942,PTO,Pacific Theater,AUSTRALIA,RAAF,CATALINA,CAIRNS,Cairns,AUSTRALIA,Australia,-16.8858,145.7553,,BISMARK ARCHIPELAGO,Bismark Archipelago,KAVIENG A/D,AIRFIELD,,-2.579032,150.807331,33,,,500 LB GP (GP-M43/M64),1000,0.7
134620,4/12/42,1942,PTO,Pacific Theater,AUSTRALIA,RAAF,CATALINA,CAIRNS,Cairns,AUSTRALIA,Australia,-16.8858,145.7553,,BISMARK ARCHIPELAGO,Bismark Archipelago,KAVIENG A/D,AIRFIELD,,-2.579032,150.807331,40,5,,250 LB GP (GP-M57),10000,5.5
134686,7/12/42,1942,PTO,Pacific Theater,AUSTRALIA,RAAF,CATALINA,CAIRNS,Cairns,AUSTRALIA,Australia,-16.8858,145.7553,,BISMARK ARCHIPELAGO,Bismark Archipelago,KAVIENG A/D,AIRFIELD,,-2.579032,150.807331,40,4,,250 LB GP (GP-M57),7500,4.23
136902,28/12/42,1942,PTO,Pacific Theater,AUSTRALIA,RAAF,CATALINA,CAIRNS,Cairns,AUSTRALIA,Australia,-16.8858,145.7553,,BISMARK ARCHIPELAGO,Bismark Archipelago,KAVIENG A/D,AIRFIELD,,-2.579032,150.807331,32,4,,250 LB GP (GP-M57),8000,4.685
122901,19/6/42,1942,PTO,Pacific Theater,AUSTRALIA,RAAF,CATALINA,CAIRNS,Cairns,AUSTRALIA,Australia,-16.8858,145.7553,,BISMARK ARCHIPELAGO,Bismark Archipelago,RABAUL,AIRFIELD,,-4.229885,152.185671,,2,8,250 LB GP (GP-M57),2000,1.025
122902,19/6/42,1942,PTO,Pacific Theater,AUSTRALIA,RAAF,CATALINA,CAIRNS,Cairns,AUSTRALIA,Australia,-16.8858,145.7553,,BISMARK ARCHIPELAGO,Bismark Archipelago,RABAUL,HARBOR,,-4.229885,152.185671,,2,5,300 LB GP (GP-31),1500,0.775
126971,11/8/42,1942,PTO,Pacific Theater,AUSTRALIA,RAAF,CATALINA,CAIRNS,Cairns,AUSTRALIA,Australia,-16.8858,145.7553,,NEW GUINEA,New Guinea,LAKUNAI A/D,AIRFIELD,,-4.229885,152.185671,,,8,250 LB GP (GP-M57),2000,1.1
130721,9/10/42,1942,PTO,Pacific Theater,AUSTRALIA,RAAF,CATALINA,CAIRNS,Cairns,AUSTRALIA,Australia,-16.8858,145.7553,,BISMARK ARCHIPELAGO,Bismark Archipelago,RABAUL,"""TOWN, HARBOR""",,-4.229885,152.185671,,,12,500 LB GP (GP-M43/M64),6000,3.3
130722,9/10/42,1942,PTO,Pacific Theater,AUSTRALIA,RAAF,CATALINA,CAIRNS,Cairns,AUSTRALIA,Australia,-16.8858,145.7553,,BISMARK ARCHIPELAGO,Bismark Archipelago,RABAUL,"""TOWN, HARBOR""",,-4.229885,152.185671,,,8,250 LB GP (GP-M57),2000,1
130723,9/10/42,1942,PTO,Pacific Theater,AUSTRALIA,RAAF,CATALINA,CAIRNS,Cairns,AUSTRALIA,Australia,-16.8858,145.7553,,BISMARK ARCHIPELAGO,Bismark Archipelago,RABAUL,"""TOWN, HARBOR""",,-4.229885,152.185671,0,,4,300 LB GP (GP-31),1200,0.6
130745,10/10/42,1942,PTO,Pacific Theater,AUSTRALIA,RAAF,CATALINA,CAIRNS,Cairns,AUSTRALIA,Australia,-16.8858,145.7553,,BISMARK ARCHIPELAGO,Bismark Archipelago,RABAUL,TOWN,,-4.229885,152.185671,,,18,250 LB GP (GP-M57),4500,5.94
130750,10/10/42,1942,PTO,Pacific Theater,AUSTRALIA,RAAF,CATALINA,CAIRNS,Cairns,AUSTRALIA,Australia,-16.8858,145.7553,,BISMARK ARCHIPELAGO,Bismark Archipelago,RABAUL,TOWN,,-4.229885,152.185671,0,,,500 LB GP (GP-M43/M64),1000,1.82
128411,1/9/42,1942,PTO,Pacific Theater,AUSTRALIA,RAAF,CATALINA,CAIRNS,Cairns,AUSTRALIA,Australia,-16.8858,145.7553,,NEW GUINEA,New Guinea,IVO BUKA,DESTROYER,,-5.466666667,154.6666667,,,8,300 LB GP (GP-31),2400,1.2
128418,1/9/42,1942,PTO,Pacific Theater,AUSTRALIA,RAAF,CATALINA,CAIRNS,Cairns,AUSTRALIA,Australia,-16.8858,145.7553,,NEW GUINEA,New Guinea,IVO BUKA,DESTROYER,,-5.466666667,154.6666667,,,6,500 LB GP (GP-M43/M64),3000,1.5
128410,1/9/42,1942,PTO,Pacific Theater,AUSTRALIA,RAAF,CATALINA,CAIRNS,Cairns,AUSTRALIA,Australia,-16.8858,145.7553,,NEW GUINEA,New Guinea,BUKA A/D,AIRFIELD,,-5.422222,154.6725,,,12,250 LB GP (GP-M57),3000,1.5
128419,1/9/42,1942,PTO,Pacific Theater,AUSTRALIA,RAAF,CATALINA,CAIRNS,Cairns,AUSTRALIA,Australia,-16.8858,145.7553,,NEW GUINEA,New Guinea,BUKA A/D,AIRFIELD,,-5.422222,154.6725,0,,4,300 LB GP (GP-31),1200,0.6
129565,18/9/42,1942,PTO,Pacific Theater,AUSTRALIA,RAAF,CATALINA,CAIRNS,Cairns,AUSTRALIA,Australia,-16.8858,145.7553,,NEW GUINEA,New Guinea,BUKA A/D,AIRFIELD,,-5.422222,154.6725,,,15,250 LB GP (GP-M57),3750,2.37
129599,21/9/42,1942,PTO,Pacific Theater,AUSTRALIA,RAAF,CATALINA,CAIRNS,Cairns,AUSTRALIA,Australia,-16.8858,145.7553,,NEW GUINEA,New Guinea,BUKA A/D,AIRFIELD,,-5.422222,154.6725,24,,,250 LB GP (GP-M57),6000,3.975
129992,30/9/42,1942,PTO,Pacific Theater,AUSTRALIA,RAAF,CATALINA,CAIRNS,Cairns,AUSTRALIA,Australia,-16.8858,145.7553,,NEW GUINEA,New Guinea,BUKA A/D,AIRFIELD,,-5.422222,154.6725,,,8,250 LB GP (GP-M57),2000,1.04
130000,1/10/42,1942,PTO,Pacific Theater,AUSTRALIA,RAAF,CATALINA,CAIRNS,Cairns,AUSTRALIA,Australia,-16.8858,145.7553,,NEW GUINEA,New Guinea,BUKA A/D,AIRFIELD,,-5.422222,154.6725,,,8,250 LB GP (GP-M57),2000,1.15
130320,2/10/42,1942,PTO,Pacific Theater,AUSTRALIA,RAAF,CATALINA,CAIRNS,Cairns,AUSTRALIA,Australia,-16.8858,145.7553,,NEW GUINEA,New Guinea,BUKA A/D,AIRFIELD,,-5.422222,154.6725,0,,2,300 LB GP (GP-31),600,0.42
130357,4/10/42,1942,PTO,Pacific Theater,AUSTRALIA,RAAF,CATALINA,CAIRNS,Cairns,AUSTRALIA,Australia,-16.8858,145.7553,,NEW GUINEA,New Guinea,BUKA A/D,AIRFIELD,,-5.422222,154.6725,,,13,300 LB GP (GP-31),3900,2.25
130358,4/10/42,1942,PTO,Pacific Theater,AUSTRALIA,RAAF,CATALINA,CAIRNS,Cairns,AUSTRALIA,Australia,-16.8858,145.7553,,NEW GUINEA,New Guinea,BUKA A/D,AIRFIELD,,-5.422222,154.6725,20,,,250 LB GP (GP-M57),5000,2.5
130378,6/10/42,1942,PTO,Pacific Theater,AUSTRALIA,RAAF,CATALINA,CAIRNS,Cairns,AUSTRALIA,Australia,-16.8858,145.7553,,NEW GUINEA,New Guinea,BUKA A/D,AIRFIELD,,-5.422222,154.6725,60,,12,250 LB GP (GP-M57),3000,1.5
130383,6/10/42,1942,PTO,Pacific Theater,AUSTRALIA,RAAF,CATALINA,CAIRNS,Cairns,AUSTRALIA,Australia,-16.8858,145.7553,,NEW GUINEA,New Guinea,BUKA A/D,AIRFIELD,,-5.422222,154.6725,50,,,500 LB GP (GP-M43/M64),4000,2.335
130740,9/10/42,1942,PTO,Pacific Theater,AUSTRALIA,RAAF,CATALINA,CAIRNS,Cairns,AUSTRALIA,Australia,-16.8858,145.7553,,NEW GUINEA,New Guinea,BUKA A/D,AIRFIELD,,-5.422222,154.6725,26,,,250 LB GP (GP-M57),6500,3.8375
130779,13/10/42,1942,PTO,Pacific Theater,AUSTRALIA,RAAF,CATALINA,CAIRNS,Cairns,AUSTRALIA,Australia,-16.8858,145.7553,,NEW GUINEA,New Guinea,BUKA A/D,AIRFIELD,,-5.422222,154.6725,50,,2,300 LB GP (GP-31),600,0.3
130780,13/10/42,1942,PTO,Pacific Theater,AUSTRALIA,RAAF,CATALINA,CAIRNS,Cairns,AUSTRALIA,Australia,-16.8858,145.7553,,NEW GUINEA,New Guinea,BUKA A/D,AIRFIELD,,-5.422222,154.6725,50,,,500 LB GP (GP-M43/M64),2000,1.15
131101,13/10/42,1942,PTO,Pacific Theater,AUSTRALIA,RAAF,CATALINA,CAIRNS,Cairns,AUSTRALIA,Australia,-16.8858,145.7553,,NEW GUINEA,New Guinea,BUKA A/D,AIRFIELD,,-5.422222,154.6725,50,,,250 LB GP (GP-M57),5000,2.5
131140,17/10/42,1942,PTO,Pacific Theater,AUSTRALIA,RAAF,CATALINA,CAIRNS,Cairns,AUSTRALIA,Australia,-16.8858,145.7553,,NEW GUINEA,New Guinea,BUKA A/D,AIRFIELD,,-5.422222,154.6725,,,0,500 LB GP (GP-M43/M64),0,
131141,17/10/42,1942,PTO,Pacific Theater,AUSTRALIA,RAAF,CATALINA,CAIRNS,Cairns,AUSTRALIA,Australia,-16.8858,145.7553,,NEW GUINEA,New Guinea,BUKA A/D,AIRFIELD,,-5.422222,154.6725,,,0,300 LB GP (GP-31),0,
131145,17/10/42,1942,PTO,Pacific Theater,AUSTRALIA,RAAF,CATALINA,CAIRNS,Cairns,AUSTRALIA,Australia,-16.8858,145.7553,,NEW GUINEA,New Guinea,BUKA A/D,AIRFIELD,,-5.422222,154.6725,,,,250 LB GP (GP-M57),0,
131922,28/10/42,1942,PTO,Pacific Theater,AUSTRALIA,RAAF,CATALINA,CAIRNS,Cairns,AUSTRALIA,Australia,-16.8858,145.7553,,NEW GUINEA,New Guinea,BUKA A/D,AIRFIELD,,-5.422222,154.6725,,,8,500 LB GP (GP-M43/M64),4000,2.81
131930,28/10/42,1942,PTO,Pacific Theater,AUSTRALIA,RAAF,CATALINA,CAIRNS,Cairns,AUSTRALIA,Australia,-16.8858,145.7553,,NEW GUINEA,New Guinea,BUKA A/D,AIRFIELD,,-5.422222,154.6725,22,,,250 LB GP (GP-M57),5500,2.75
122559,14/6/42,1942,PTO,Pacific Theater,AUSTRALIA,RAAF,CATALINA,CAIRNS,Cairns,AUSTRALIA,Australia,-16.8858,145.7553,,NEW GUINEA,New Guinea,SOHANA ISLAND [SOHANO],TOWN,,-5.533333333,154.7166667,30,,4,300 LB GP (GP-31),1200,0.6
129981,28/9/42,1942,PTO,Pacific Theater,AUSTRALIA,RAAF,CATALINA,CAIRNS,Cairns,AUSTRALIA,Australia,-16.8858,145.7553,,SOLOMON ISLANDS,Solomon Islands,BUIN A/D,AIRFIELD,,-6.733619,155.661467,28,,,250 LB GP (GP-M57),7000,4.125
129994,30/9/42,1942,PTO,Pacific Theater,AUSTRALIA,RAAF,CATALINA,CAIRNS,Cairns,AUSTRALIA,Australia,-16.8858,145.7553,,SOLOMON ISLANDS,Solomon Islands,BUIN A/D,AIRFIELD,,-6.733619,155.661467,0,,2,300 LB GP (GP-31),600,0.3
129995,30/9/42,1942,PTO,Pacific Theater,AUSTRALIA,RAAF,CATALINA,CAIRNS,Cairns,AUSTRALIA,Australia,-16.8858,145.7553,,SOLOMON ISLANDS,Solomon Islands,BUIN A/D,AIRFIELD,,-6.733619,155.661467,0,,,500 LB GP (GP-M43/M64),1000,0.5
129996,30/9/42,1942,PTO,Pacific Theater,AUSTRALIA,RAAF,CATALINA,CAIRNS,Cairns,AUSTRALIA,Australia,-16.8858,145.7553,,SOLOMON ISLANDS,Solomon Islands,BUIN A/D,AIRFIELD,,-6.733619,155.661467,20,,,250 LB GP (GP-M57),5000,2.9
130318,1/10/42,1942,PTO,Pacific Theater,AUSTRALIA,RAAF,CATALINA,CAIRNS,Cairns,AUSTRALIA,Australia,-16.8858,145.7553,,SOLOMON ISLANDS,Solomon Islands,BUIN A/D,AIRFIELD,,-6.733619,155.661467,28,,,250 LB GP (GP-M57),7000,3.7
130380,6/10/42,1942,PTO,Pacific Theater,AUSTRALIA,RAAF,CATALINA,CAIRNS,Cairns,AUSTRALIA,Australia,-16.8858,145.7553,,SOLOMON ISLANDS,Solomon Islands,BUIN A/D,AIRFIELD,,-6.733619,155.661467,,,6,250 LB GP (GP-M57),1500,0.83
131165,20/10/42,1942,PTO,Pacific Theater,AUSTRALIA,RAAF,CATALINA,CAIRNS,Cairns,AUSTRALIA,Australia,-16.8858,145.7553,,SOLOMON ISLANDS,Solomon Islands,BUIN - TONOLEI - FAISI,SHIPPING,,-6.746,155.685,24,,24,500 LB GP (GP-M43/M64),12000,6
129600,21/9/42,1942,PTO,Pacific Theater,AUSTRALIA,RAAF,CATALINA,CAIRNS,Cairns,AUSTRALIA,Australia,-16.8858,145.7553,,SOLOMON ISLANDS,Solomon Islands,KAHILI A/D SOUTH BOUGAINVILLE ISLAND,AIRFIELD,,-6.787255,155.778638,,,,,,1
129967,27/9/42,1942,PTO,Pacific Theater,AUSTRALIA,RAAF,CATALINA,CAIRNS,Cairns,AUSTRALIA,Australia,-16.8858,145.7553,,SOLOMON ISLANDS,Solomon Islands,KAHILI A/D SOUTH BOUGAINVILLE ISLAND,AIRFIELD,,-6.787255,155.778638,,,10,250 LB GP (GP-M57),2500,1.35
131175,20/10/42,1942,PTO,Pacific Theater,AUSTRALIA,RAAF,CATALINA,CAIRNS,Cairns,AUSTRALIA,Australia,-16.8858,145.7553,,SOLOMON ISLANDS,Solomon Islands,KAHILI A/D SOUTH BOUGAINVILLE ISLAND,AIRFIELD,,-6.787255,155.778638,36,,,250 LB GP (GP-M57),9000,4.5
132736,12/11/42,1942,PTO,Pacific Theater,AUSTRALIA,RAAF,CATALINA,CAIRNS,Cairns,AUSTRALIA,Australia,-16.8858,145.7553,,SOLOMON ISLANDS,Solomon Islands,KAHILI A/D SOUTH BOUGAINVILLE ISLAND,AIRFIELD,,-6.787255,155.778638,,,16,250 LB GP (GP-M57),4000,2
132737,12/11/42,1942,PTO,Pacific Theater,AUSTRALIA,RAAF,CATALINA,CAIRNS,Cairns,AUSTRALIA,Australia,-16.8858,145.7553,,SOLOMON ISLANDS,Solomon Islands,KAHILI A/D SOUTH BOUGAINVILLE ISLAND,AIRFIELD,,-6.787255,155.778638,,,12,500 LB GP (GP-M43/M64),6000,3.8
132768,15/11/42,1942,PTO,Pacific Theater,AUSTRALIA,RAAF,CATALINA,CAIRNS,Cairns,AUSTRALIA,Australia,-16.8858,145.7553,,SOLOMON ISLANDS,Solomon Islands,KAHILI A/D SOUTH BOUGAINVILLE ISLAND,AIRFIELD,,-6.787255,155.778638,80,,16,250 LB GP (GP-M57),4000,2
132772,15/11/42,1942,PTO,Pacific Theater,AUSTRALIA,RAAF,CATALINA,CAIRNS,Cairns,AUSTRALIA,Australia,-16.8858,145.7553,,SOLOMON ISLANDS,Solomon Islands,KAHILI A/D SOUTH BOUGAINVILLE ISLAND,AIRFIELD,,-6.787255,155.778638,44,,,500 LB GP (GP-M43/M64),9000,5.5
133020,17/11/42,1942,PTO,Pacific Theater,AUSTRALIA,RAAF,CATALINA,CAIRNS,Cairns,AUSTRALIA,Australia,-16.8858,145.7553,,SOLOMON ISLANDS,Solomon Islands,KAHILI A/D SOUTH BOUGAINVILLE ISLAND,AIRFIELD,,-6.787255,155.778638,,,18,500 LB GP (GP-M43/M64),9000,4.58
133024,17/11/42,1942,PTO,Pacific Theater,AUSTRALIA,RAAF,CATALINA,CAIRNS,Cairns,AUSTRALIA,Australia,-16.8858,145.7553,,SOLOMON ISLANDS,Solomon Islands,KAHILI A/D SOUTH BOUGAINVILLE ISLAND,AIRFIELD,,-6.787255,155.778638,,,8,250 LB GP (GP-M57),2000,1
134249,1/12/42,1942,PTO,Pacific Theater,AUSTRALIA,RAAF,CATALINA,CAIRNS,Cairns,AUSTRALIA,Australia,-16.8858,145.7553,,SOLOMON ISLANDS,Solomon Islands,KAHILI A/D SOUTH BOUGAINVILLE ISLAND,AIRFIELD,,-6.787255,155.778638,,1,4,250 LB GP (GP-M57),1000,0.6
131193,22/10/42,1942,PTO,Pacific Theater,AUSTRALIA,RAAF,CATALINA,CAIRNS,Cairns,AUSTRALIA,Australia,-16.8858,145.7553,,NEW GUINEA,New Guinea,FAISI - TONOLEI NIGHT ATTACK,SHIPPING/HARBOR,,-6.75,155.8833333,19,,19,500 LB GP (GP-M43/M64),9500,4.75
131195,22/10/42,1942,PTO,Pacific Theater,AUSTRALIA,RAAF,CATALINA,CAIRNS,Cairns,AUSTRALIA,Australia,-16.8858,145.7553,,NEW GUINEA,New Guinea,FAISI - TONOLEI NIGHT ATTACK,SHIPPING/HARBOR,,-6.75,155.8833333,,,6,500 LB GP (GP-M43/M64),3000,1.5
131520,22/10/42,1942,PTO,Pacific Theater,AUSTRALIA,RAAF,CATALINA,CAIRNS,Cairns,AUSTRALIA,Australia,-16.8858,145.7553,,NEW GUINEA,New Guinea,FAISI - TONOLEI NIGHT ATTACK,SHIPPING/HARBOR,,-6.75,155.8833333,28,,,250 LB GP (GP-M57),7000,3.5
131946,30/10/42,1942,PTO,Pacific Theater,AUSTRALIA,RAAF,CATALINA,CAIRNS,Cairns,AUSTRALIA,Australia,-16.8858,145.7553,,SOLOMON ISLANDS,Solomon Islands,TONOLEI HARBOR,SHIPPING,,-6.75,155.8833333,28,,28,500 LB GP (GP-M43/M64),14000,7.02
131954,30/10/42,1942,PTO,Pacific Theater,AUSTRALIA,RAAF,CATALINA,CAIRNS,Cairns,AUSTRALIA,Australia,-16.8858,145.7553,,SOLOMON ISLANDS,Solomon Islands,TONOLEI HARBOR,SHIPPING,,-6.75,155.8833333,35,,,250 LB GP (GP-M57),8750,4.375
131971,1/11/42,1942,PTO,Pacific Theater,AUSTRALIA,RAAF,CATALINA,CAIRNS,Cairns,AUSTRALIA,Australia,-16.8858,145.7553,,SOLOMON ISLANDS,Solomon Islands,BUIN - FAISI - TONOLEI  NIGHT ATTACK,SHIPPING,,-7.066666667,155.8833333,,,38,300 LB GP (GP-31),11400,5.7
131975,1/11/42,1942,PTO,Pacific Theater,AUSTRALIA,RAAF,CATALINA,CAIRNS,Cairns,AUSTRALIA,Australia,-16.8858,145.7553,,SOLOMON ISLANDS,Solomon Islands,BUIN - FAISI - TONOLEI  NIGHT ATTACK,SHIPPING,,-7.066666667,155.8833333,90,,,250 LB GP (GP-M57),8000,4
131993,3/11/42,1942,PTO,Pacific Theater,AUSTRALIA,RAAF,CATALINA,CAIRNS,Cairns,AUSTRALIA,Australia,-16.8858,145.7553,,SOLOMON ISLANDS,Solomon Islands,BUIN - FAISI - TONOLEI  NIGHT ATTACK,SHIPPING,,-7.066666667,155.8833333,84,,,500 LB GP (GP-M43/M64),6000,3
132301,3/11/42,1942,PTO,Pacific Theater,AUSTRALIA,RAAF,CATALINA,CAIRNS,Cairns,AUSTRALIA,Australia,-16.8858,145.7553,,SOLOMON ISLANDS,Solomon Islands,BUIN - FAISI - TONOLEI  NIGHT ATTACK,SHIPPING,,-7.066666667,155.8833333,84,,,250 LB GP (GP-M57),8500,4.25
132320,5/11/42,1942,PTO,Pacific Theater,AUSTRALIA,RAAF,CATALINA,CAIRNS,Cairns,AUSTRALIA,Australia,-16.8858,145.7553,,NEW GUINEA,New Guinea,FAISI ISLAND,SHIPPING/HARBOR,,-7.066666667,155.8833333,60,,,500 LB GP (GP-M43/M64),9000,4.61
132321,5/11/42,1942,PTO,Pacific Theater,AUSTRALIA,RAAF,CATALINA,CAIRNS,Cairns,AUSTRALIA,Australia,-16.8858,145.7553,,NEW GUINEA,New Guinea,FAISI ISLAND,SHIPPING/HARBOR,,-7.066666667,155.8833333,80,,,250 LB GP (GP-M57),5000,2.5
123744,27/6/42,1942,PTO,Pacific Theater,AUSTRALIA,RAAF,CATALINA,CAIRNS,Cairns,AUSTRALIA,Australia,-16.8858,145.7553,,NEW GUINEA,New Guinea,TULAGI,WHARF,,-9.083333333,160.15,80,,,250 LB GP (GP-M57),6000,3.2425
126968,11/8/42,1942,PTO,Pacific Theater,AUSTRALIA,RAAF,HUDSON,DARWIN,Darwin,AUSTRALIA,Australia,-12.4247,130.8636,,TIMOR,Timor,TIMOR,SHIPPING,,-5.383333333,123.6333333,,,12,100 LB GP (GP-M30),1200,0.6
126970,11/8/42,1942,PTO,Pacific Theater,AUSTRALIA,RAAF,HUDSON,DARWIN,Darwin,AUSTRALIA,Australia,-12.4247,130.8636,,TIMOR,Timor,TIMOR,SHIPPING,,-5.383333333,123.6333333,,,9,250 LB GP (GP-M57),2250,1.125
124920,21/7/42,1942,PTO,Pacific Theater,AUSTRALIA,RAAF,HUDSON,DARWIN,Darwin,AUSTRALIA,Australia,-12.4247,130.8636,,TIMOR,Timor,HALILOELIK [HALILULIK],BUILDINGS,,-9.277222,124.879722,0,,2,250 LB GP (GP-M57),500,0.25
121772,2/6/42,1942,PTO,Pacific Theater,AUSTRALIA,RAAF,HUDSON,DARWIN,Darwin,AUSTRALIA,Australia,-12.4247,130.8636,,TIMOR,Timor,ATTABOEA,JAPANESE BARRACKS,,-9.106111,124.8925,,,,250 LB GP (GP-M57),5000,2.6875
124150,4/7/42,1942,PTO,Pacific Theater,AUSTRALIA,RAAF,HUDSON,DARWIN,Darwin,AUSTRALIA,Australia,-12.4247,130.8636,,TIMOR,Timor,ATTEMBOEA(TIMOR),BARRACKS,,-9.106111,124.8925,,,12,250 LB GP (GP-M57),3000,1.5
124919,21/7/42,1942,PTO,Pacific Theater,AUSTRALIA,RAAF,HUDSON,DARWIN,Darwin,AUSTRALIA,Australia,-12.4247,130.8636,,TIMOR,Timor,VESSELS N OF DILLI,SHIPPING,,-8.533333333,125.0833333,0,,4,250 LB GP (GP-M57),1000,0.5
122555,13/6/42,1942,PTO,Pacific Theater,AUSTRALIA,RAAF,HUDSON,DARWIN,Darwin,AUSTRALIA,Australia,-12.4247,130.8636,,TIMOR,Timor,5000 T MERCHANT VESSEL,SHIPPING,,-8.466666667,125.25,15,,4,250 LB GP (GP-M57),1000,0.5
122183,6/6/42,1942,PTO,Pacific Theater,AUSTRALIA,RAAF,HUDSON,DARWIN,Darwin,AUSTRALIA,Australia,-12.4247,130.8636,,TIMOR,Timor,ERMERA TO TIBAR TIMOR (NEAR DILLI),ROAD,,-8.830278,125.387778,,,6,250 LB GP (GP-M57),1500,0.75
122532,9/6/42,1942,PTO,Pacific Theater,AUSTRALIA,RAAF,HUDSON,DARWIN,Darwin,AUSTRALIA,Australia,-12.4247,130.8636,,TIMOR,Timor,ERMERA  TIMOR (NEAR DILLI),TOWN,,-8.830278,125.387778,0.12,,12,250 LB GP (GP-M57),3000,1.5
121050,20/5/42,1942,PTO,Pacific Theater,AUSTRALIA,RAAF,HUDSON,DARWIN,Darwin,AUSTRALIA,Australia,-12.4247,130.8636,,TIMOR,Timor,DILI,SHIPPING,,-8.55,125.66667,0.16,,16,250 LB GP (GP-M57),4000,2
121087,27/5/42,1942,PTO,Pacific Theater,AUSTRALIA,RAAF,HUDSON,DARWIN,Darwin,AUSTRALIA,Australia,-12.4247,130.8636,,TIMOR,Timor,DILI,TRASNPORT,,-8.55,125.66667,0,,1,250 LB GP (GP-M57),250,0.125
121097,28/5/42,1942,PTO,Pacific Theater,AUSTRALIA,RAAF,HUDSON,DARWIN,Darwin,AUSTRALIA,Australia,-12.4247,130.8636,,TIMOR,Timor,DILI,SHORE INSTALLATIONS,,-8.55,125.66667,0,,4,250 LB GP (GP-M57),1000,0.5
121456,30/5/42,1942,PTO,Pacific Theater,AUSTRALIA,RAAF,HUDSON,DARWIN,Darwin,AUSTRALIA,Australia,-12.4247,130.8636,,TIMOR,Timor,DILI,SHORE INSTALLATIONS,,-8.55,125.66667,,5,,,,
123304,24/6/42,1942,PTO,Pacific Theater,AUSTRALIA,RAAF,HUDSON,DARWIN,Darwin,AUSTRALIA,Australia,-12.4247,130.8636,,TIMOR,Timor,DILI,TOWN,,-8.55,125.66667,10,,,250 LB GP (GP-M57),6000,3.3
123787,1/7/42,1942,PTO,Pacific Theater,AUSTRALIA,RAAF,HUDSON,DARWIN,Darwin,AUSTRALIA,Australia,-12.4247,130.8636,,TIMOR,Timor,DILI,BARRACKS,,-8.55,125.66667,,,12,250 LB GP (GP-M57),3000,1.65
124501,9/7/42,1942,PTO,Pacific Theater,AUSTRALIA,RAAF,HUDSON,DARWIN,Darwin,AUSTRALIA,Australia,-12.4247,130.8636,,TIMOR,Timor,2.5 M SE DILLI (TIMOR),HUTS,,-8.55,125.66667,20,,,250 LB GP (GP-M57),6000,3.3
120698,13/5/42,1942,PTO,Pacific Theater,AUSTRALIA,RAAF,HUDSON,DARWIN,Darwin,AUSTRALIA,Australia,-12.4247,130.8636,,TIMOR,Timor,AMBON,HARBOR/SHIPPING,,-3.695426,128.181405,,,,250 LB GP (GP-M57),9000,4.5
121064,22/5/42,1942,PTO,Pacific Theater,AUSTRALIA,RAAF,HUDSON,DARWIN,Darwin,AUSTRALIA,Australia,-12.4247,130.8636,,TIMOR,Timor,AMBON,SHIPPING,,-3.695426,128.181405,,,,,,
123788,1/7/42,1942,PTO,Pacific Theater,AUSTRALIA,RAAF,HUDSON,DARWIN,Darwin,AUSTRALIA,Australia,-12.4247,130.8636,,TIMOR,Timor,AMBON,TOWN,,-3.695426,128.181405,10,,9,250 LB GP (GP-M57),2250,1.125
125753,28/7/42,1942,PTO,Pacific Theater,AUSTRALIA,RAAF,HUDSON,DARWIN,Darwin,AUSTRALIA,Australia,-12.4247,130.8636,,TIMOR,Timor,AMBON TOWN 6 MI SW,100 T VESSEL,,-3.695426,128.181405,0,,2,250 LB GP (GP-M57),500,0.25
127302,12/8/42,1942,PTO,Pacific Theater,AUSTRALIA,RAAF,HUDSON,DARWIN,Darwin,AUSTRALIA,Australia,-12.4247,130.8636,,TIMOR,Timor,AMBON AREA,"""WHARF, BUILDING""",,-3.695426,128.181405,0,,4,250 LB GP (GP-M57),1000,0.5
126151,31/7/42,1942,PTO,Pacific Theater,AUSTRALIA,RAAF,HUDSON,DARWIN,Darwin,AUSTRALIA,Australia,-12.4247,130.8636,,JAVA,Java,BANDA ISLAND,CRUISER,,-5.283333333,129.9,70,,2,250 LB GP (GP-M57),500,0.25
126154,31/7/42,1942,PTO,Pacific Theater,AUSTRALIA,RAAF,HUDSON,DARWIN,Darwin,AUSTRALIA,Australia,-12.4247,130.8636,,JAVA,Java,BANDA ISLAND,SHIP,,-4.583333333,130.3333333,0,,2,250 LB GP (GP-M57),500,0.25
124551,16/7/42,1942,PTO,Pacific Theater,AUSTRALIA,RAAF,HUDSON,DARWIN,Darwin,AUSTRALIA,Australia,-12.4247,130.8636,,CELEBES ISLANDS,Celebes Islands,BOELLA,SHIPPING,,-3.283333,130.616667,,3,8,250 LB GP (GP-M57),2000,1
126152,31/7/42,1942,PTO,Pacific Theater,AUSTRALIA,RAAF,HUDSON,DARWIN,Darwin,AUSTRALIA,Australia,-12.4247,130.8636,,JAVA,Java,BANDA ISLAND,SHIPPING,,-5.066666667,131.6333333,20,7,2,250 LB GP (GP-M57),500,0.25
126155,31/7/42,1942,PTO,Pacific Theater,AUSTRALIA,RAAF,HUDSON,DARWIN,Darwin,AUSTRALIA,Australia,-12.4247,130.8636,,JAVA,Java,BANDA ISLAND,SHIP,,-5.066666667,131.6333333,0,,2,250 LB GP (GP-M57),500,0.25
124544,14/7/42,1942,PTO,Pacific Theater,AUSTRALIA,RAAF,HUDSON,DARWIN,Darwin,AUSTRALIA,Australia,-12.4247,130.8636,,NEW GUINEA,New Guinea,ALOR/KALABAHI ISLAND,JETTY/ 1 50 TON VESSEL SUNK,,-6.183333333,150.85,12,,12,250 LB GP (GP-M57),3000,1.5
121458,31/5/42,1942,PTO,Pacific Theater,AUSTRALIA,RAAF,HUDSON,DARWIN,Darwin,AUSTRALIA,Australia,-12.4247,130.8636,,NEW GUINEA,New Guinea,KOEPANG,AIRFIELD,,-8.666666667,151.3333333,,,15,250 LB GP (GP-M57),3750,1.875
121773,3/6/42,1942,PTO,Pacific Theater,AUSTRALIA,RAAF,HUDSON,DARWIN,Darwin,AUSTRALIA,Australia,-12.4247,130.8636,,NEW GUINEA,New Guinea,KOEPANG,AIRFIELD,,-8.666666667,151.3333333,,,16,250 LB GP (GP-M57),4000,2
122565,15/6/42,1942,PTO,Pacific Theater,AUSTRALIA,RAAF,HUDSON,DARWIN,Darwin,AUSTRALIA,Australia,-12.4247,130.8636,,NEW GUINEA,New Guinea,KOEPANG,AIRFIELD,,-8.666666667,151.3333333,140,9,,250 LB GP (GP-M57),6000,3.3
125741,26/7/42,1942,PTO,Pacific Theater,AUSTRALIA,RAAF,HUDSON,DARWIN,Darwin,AUSTRALIA,Australia,-12.4247,130.8636,,NEW GUINEA,New Guinea,PENFOEI,AIRDROME,,-8.666666667,151.3333333,150,,,250 LB GP (GP-M57),8000,4.175
125745,27/7/42,1942,PTO,Pacific Theater,AUSTRALIA,RAAF,HUDSON,DARWIN,Darwin,AUSTRALIA,Australia,-12.4247,130.8636,,NEW GUINEA,New Guinea,KOEPANG,AIRFIELD,,-8.666666667,151.3333333,180,,12,250 LB GP (GP-M57),3000,1.5
127772,25/8/42,1942,PTO,Pacific Theater,AUSTRALIA,RAAF,HUDSON,HUGHES,Hughes,AUSTRALIA,Australia,-12.6898,131.0875,,TIMOR,Timor,TIBISEC?  TIMOR,ENEMY INSTALLATIONS IN TOWN,,-5.383333333,123.6333333,20,,,250 LB GP (GP-M57),5000,2.75
131983,2/11/42,1942,PTO,Pacific Theater,AUSTRALIA,RAAF,HUDSON,HUGHES,Hughes,AUSTRALIA,Australia,-12.6898,131.0875,,TIMOR,Timor,BOBONARO,BUILDINGS,,-9.031944,125.325,40,,16,100 LB GP (GP-M30),1600,0.8
131988,2/11/42,1942,PTO,Pacific Theater,AUSTRALIA,RAAF,HUDSON,HUGHES,Hughes,AUSTRALIA,Australia,-12.6898,131.0875,,TIMOR,Timor,BOBONARO,BUILDINGS,,-9.031944,125.325,25,,,250 LB GP (GP-M57),5250,2.697
132316,5/11/42,1942,PTO,Pacific Theater,AUSTRALIA,RAAF,HUDSON,HUGHES,Hughes,AUSTRALIA,Australia,-12.6898,131.0875,,TIMOR,Timor,BOBONARO,BUILDINGS,,-9.031944,125.325,,,22,500 LB GP (GP-M43/M64),11000,5.68
132317,5/11/42,1942,PTO,Pacific Theater,AUSTRALIA,RAAF,HUDSON,HUGHES,Hughes,AUSTRALIA,Australia,-12.6898,131.0875,,TIMOR,Timor,BOBONARO,BUILDINGS,,-9.031944,125.325,32,,12,250 LB GP (GP-M57),3000,1.5
132319,5/11/42,1942,PTO,Pacific Theater,AUSTRALIA,RAAF,HUDSON,HUGHES,Hughes,AUSTRALIA,Australia,-12.6898,131.0875,,TIMOR,Timor,BOBONARO,BUILDINGS,,-9.031944,125.325,10,,4,100 LB GP (GP-M30),400,0.2
132729,11/11/42,1942,PTO,Pacific Theater,AUSTRALIA,RAAF,HUDSON,HUGHES,Hughes,AUSTRALIA,Australia,-12.6898,131.0875,,TIMOR,Timor,BOBONARO,BUILDINGS,,-9.031944,125.325,65,,12,250 LB GP (GP-M57),3000,1.59
132731,11/11/42,1942,PTO,Pacific Theater,AUSTRALIA,RAAF,HUDSON,HUGHES,Hughes,AUSTRALIA,Australia,-12.6898,131.0875,,TIMOR,Timor,BOBONARO,BUILDINGS,,-9.031944,125.325,25,,8,100 LB GP (GP-M30),800,0.4
132799,16/11/42,1942,PTO,Pacific Theater,AUSTRALIA,RAAF,HUDSON,HUGHES,Hughes,AUSTRALIA,Australia,-12.6898,131.0875,,TIMOR,Timor,BOBONARO,BUILDINGS,,-9.031944,125.325,50,,12,250 LB GP (GP-M57),3000,1.59
132800,16/11/42,1942,PTO,Pacific Theater,AUSTRALIA,RAAF,HUDSON,HUGHES,Hughes,AUSTRALIA,Australia,-12.6898,131.0875,,TIMOR,Timor,BOBONARO,BUILDINGS,,-9.031944,125.325,12,,9,100 LB GP (GP-M30),900,0.45
126961,10/8/42,1942,PTO,Pacific Theater,AUSTRALIA,RAAF,HUDSON,HUGHES,Hughes,AUSTRALIA,Australia,-12.6898,131.0875,,TIMOR,Timor,OFF BECO?,ENEMY SHIPPING,,-9.210307,125.39372,,,8,100 LB GP (GP-M30),800,0.4
126966,10/8/42,1942,PTO,Pacific Theater,AUSTRALIA,RAAF,HUDSON,HUGHES,Hughes,AUSTRALIA,Australia,-12.6898,131.0875,,TIMOR,Timor,OFF BECO?,ENEMY SHIPPING,,-9.210307,125.39372,30,,,250 LB GP (GP-M57),7500,3.75
127358,16/8/42,1942,PTO,Pacific Theater,AUSTRALIA,RAAF,HUDSON,HUGHES,Hughes,AUSTRALIA,Australia,-12.6898,131.0875,,TIMOR,Timor,BECO,VILLAGE,,-9.210307,125.39372,32,,,250 LB GP (GP-M57),8000,4
127708,19/8/42,1942,PTO,Pacific Theater,AUSTRALIA,RAAF,HUDSON,HUGHES,Hughes,AUSTRALIA,Australia,-12.6898,131.0875,,TIMOR,Timor,BECO,BUILDINGS,,-9.210307,125.39372,,,12,250 LB GP (GP-M57),3000,1.5
133846,27/11/42,1942,PTO,Pacific Theater,AUSTRALIA,RAAF,HUDSON,HUGHES,Hughes,AUSTRALIA,Australia,-12.6898,131.0875,,TIMOR,Timor,BECO,VILLAGE,,-9.210307,125.39372,,,12,250 LB GP (GP-M57),3000,1.5
133851,27/11/42,1942,PTO,Pacific Theater,AUSTRALIA,RAAF,HUDSON,HUGHES,Hughes,AUSTRALIA,Australia,-12.6898,131.0875,,TIMOR,Timor,BECO,VILLAGE,,-9.210307,125.39372,,,6,100 LB GP (GP-M30),600,0.3
127723,21/8/42,1942,PTO,Pacific Theater,AUSTRALIA,RAAF,HUDSON,HUGHES,Hughes,AUSTRALIA,Australia,-12.6898,131.0875,,TIMOR,Timor,MOABISSE - TIMOR AREA,HUTS,,-8.838056,125.597222,,,10,100 LB GP (GP-M30),1000,0.5
127724,21/8/42,1942,PTO,Pacific Theater,AUSTRALIA,RAAF,HUDSON,HUGHES,Hughes,AUSTRALIA,Australia,-12.6898,131.0875,,TIMOR,Timor,MOABISSE - TIMOR AREA,HUTS,,-8.838056,125.597222,,,7,250 LB GP (GP-M57),1750,0.885
130746,10/10/42,1942,PTO,Pacific Theater,AUSTRALIA,RAAF,HUDSON,HUGHES,Hughes,AUSTRALIA,Australia,-12.6898,131.0875,,TIMOR,Timor,DILI,TOWN,,-8.55,125.66667,,,15,100 LB GP (GP-M30),1500,0.81
130748,10/10/42,1942,PTO,Pacific Theater,AUSTRALIA,RAAF,HUDSON,HUGHES,Hughes,AUSTRALIA,Australia,-12.6898,131.0875,,TIMOR,Timor,DILI,TOWN,,-8.55,125.66667,,,6,250 LB GP (GP-M57),1500,1.0625
131592,26/10/42,1942,PTO,Pacific Theater,AUSTRALIA,RAAF,HUDSON,HUGHES,Hughes,AUSTRALIA,Australia,-12.6898,131.0875,,TIMOR,Timor,DILI,VILLAGE,,-8.55,125.66667,,,8,250 LB GP (GP-M57),2000,1.09
131595,26/10/42,1942,PTO,Pacific Theater,AUSTRALIA,RAAF,HUDSON,HUGHES,Hughes,AUSTRALIA,Australia,-12.6898,131.0875,,TIMOR,Timor,DILI,VILLAGE,,-8.55,125.66667,,,3,100 LB GP (GP-M30),300,0.15
131904,27/10/42,1942,PTO,Pacific Theater,AUSTRALIA,RAAF,HUDSON,HUGHES,Hughes,AUSTRALIA,Australia,-12.6898,131.0875,,TIMOR,Timor,DILI,VILLAGE,,-8.55,125.66667,,,8,250 LB GP (GP-M57),2000,1.09
131905,27/10/42,1942,PTO,Pacific Theater,AUSTRALIA,RAAF,HUDSON,HUGHES,Hughes,AUSTRALIA,Australia,-12.6898,131.0875,,TIMOR,Timor,DILI,VILLAGE,,-8.55,125.66667,,,3,100 LB GP (GP-M30),300,0.15
131948,30/10/42,1942,PTO,Pacific Theater,AUSTRALIA,RAAF,HUDSON,HUGHES,Hughes,AUSTRALIA,Australia,-12.6898,131.0875,,TIMOR,Timor,DILI,VILLAGE,,-8.55,125.66667,150,,6,250 LB GP (GP-M57),1500,0.75
131958,31/10/42,1942,PTO,Pacific Theater,AUSTRALIA,RAAF,HUDSON,HUGHES,Hughes,AUSTRALIA,Australia,-12.6898,131.0875,,TIMOR,Timor,DILI,AIDROME,,-8.55,125.66667,,,8,100 LB GP (GP-M30),800,0.4
131959,31/10/42,1942,PTO,Pacific Theater,AUSTRALIA,RAAF,HUDSON,HUGHES,Hughes,AUSTRALIA,Australia,-12.6898,131.0875,,TIMOR,Timor,DILI,AIDROME,,-8.55,125.66667,,,4,250 LB GP (GP-M57),1000,0.62
133469,24/11/42,1942,PTO,Pacific Theater,AUSTRALIA,RAAF,HUDSON,HUGHES,Hughes,AUSTRALIA,Australia,-12.6898,131.0875,,TIMOR,Timor,DILI,AIRFIELD,,-8.55,125.66667,,,10,100 LB GP (GP-M30),1000,0.5
133498,24/11/42,1942,PTO,Pacific Theater,AUSTRALIA,RAAF,HUDSON,HUGHES,Hughes,AUSTRALIA,Australia,-12.6898,131.0875,,TIMOR,Timor,DILI,AIRFIELD,,-8.55,125.66667,20,,,250 LB GP (GP-M57),5000,2.5
135372,16/12/42,1942,PTO,Pacific Theater,AUSTRALIA,RAAF,HUDSON,HUGHES,Hughes,AUSTRALIA,Australia,-12.6898,131.0875,,TIMOR,Timor,MINDELO VILLAGE - TIMOR AREA,TOWN,,-8.893889,125.704444,40,3,12,250 LB GP (GP-M57),3000,1.59
135373,16/12/42,1942,PTO,Pacific Theater,AUSTRALIA,RAAF,HUDSON,HUGHES,Hughes,AUSTRALIA,Australia,-12.6898,131.0875,,TIMOR,Timor,MINDELO VILLAGE - TIMOR AREA,TOWN,,-8.893889,125.704444,40,3,12,100 LB GP (GP-M30),1200,0.6
135394,17/12/42,1942,PTO,Pacific Theater,AUSTRALIA,RAAF,HUDSON,HUGHES,Hughes,AUSTRALIA,Australia,-12.6898,131.0875,,TIMOR,Timor,MINDELO VILLAGE - TIMOR AREA,TOWN,,-8.893889,125.704444,,3,12,250 LB GP (GP-M57),3000,1.512
135395,17/12/42,1942,PTO,Pacific Theater,AUSTRALIA,RAAF,HUDSON,HUGHES,Hughes,AUSTRALIA,Australia,-12.6898,131.0875,,TIMOR,Timor,MINDELO VILLAGE - TIMOR AREA,TOWN,,-8.893889,125.704444,,3,12,100 LB GP (GP-M30),1200,0.6
127301,12/8/42,1942,PTO,Pacific Theater,AUSTRALIA,RAAF,HUDSON,HUGHES,Hughes,AUSTRALIA,Australia,-12.6898,131.0875,,TIMOR,Timor,BETANO-VILA- KIMENA?-MAPLE,LANDING BRAGES - MISSED,,-9.165881,125.723455,,,6,250 LB GP (GP-M57),1500,0.75
131130,16/10/42,1942,PTO,Pacific Theater,AUSTRALIA,RAAF,HUDSON,HUGHES,Hughes,AUSTRALIA,Australia,-12.6898,131.0875,,TIMOR,Timor,VILA DE MANATUTO,STATION HOUSE,,-8.511389,126.013056,20,,6,250 LB GP (GP-M57),1500,0.95
131132,16/10/42,1942,PTO,Pacific Theater,AUSTRALIA,RAAF,HUDSON,HUGHES,Hughes,AUSTRALIA,Australia,-12.6898,131.0875,,TIMOR,Timor,VILA DE MANATUTO,STATION HOUSE,,-8.511389,126.013056,20,,1,100 LB GP (GP-M30),100,0.05
132740,13/11/42,1942,PTO,Pacific Theater,AUSTRALIA,RAAF,HUDSON,HUGHES,Hughes,AUSTRALIA,Australia,-12.6898,131.0875,,TIMOR,Timor,MANATUTO,VILLAGE,,-8.511389,126.013056,,,16,250 LB GP (GP-M57),4000,2.012
132741,13/11/42,1942,PTO,Pacific Theater,AUSTRALIA,RAAF,HUDSON,HUGHES,Hughes,AUSTRALIA,Australia,-12.6898,131.0875,,TIMOR,Timor,MANATUTO,VILLAGE,,-8.511389,126.013056,,,16,100 LB GP (GP-M30),1600,0.8
130710,8/10/42,1942,PTO,Pacific Theater,AUSTRALIA,RAAF,HUDSON,HUGHES,Hughes,AUSTRALIA,Australia,-12.6898,131.0875,,NEW GUINEA,New Guinea,SALUMLAKI BAY,JETTY,,-7.95,131.316667,,,11,100 LB GP (GP-M30),1100,0.55
130711,8/10/42,1942,PTO,Pacific Theater,AUSTRALIA,RAAF,HUDSON,HUGHES,Hughes,AUSTRALIA,Australia,-12.6898,131.0875,,NEW GUINEA,New Guinea,SALUMLAKI BAY,JETTY,,-7.95,131.316667,,,8,250 LB GP (GP-M57),2000,1
136186,23/12/42,1942,PTO,Pacific Theater,AUSTRALIA,RAAF,HUDSON,HUGHES,Hughes,AUSTRALIA,Australia,-12.6898,131.0875,,TIMOR,Timor,DOBO TOWN - TIMOR,TOWN,,-5.771814,134.21228,60,3,12,250 LB GP (GP-M57),3000,1.5
133434,23/11/42,1942,PTO,Pacific Theater,AUSTRALIA,RAAF,HUDSON,HUGHES,Hughes,AUSTRALIA,Australia,-12.6898,131.0875,,NEW GUINEA,New Guinea,PENFOEI,AIRDROME,,-8.666666667,151.3333333,194,,9,250 LB GP (GP-M57),2250,1.245
124966,22/7/42,1942,PTO,Pacific Theater,AUSTRALIA,RAAF,BEAUF,NOWRA,Nowra,AUSTRALIA,Australia,-34.9489,150.5369,,AUSTRALIA,Australia,8 MI E OF TATHRA HEAD,SUBMARINE WAKE,,-36.733333,149.983333,0,,2,250 LB GP (GP-M57),500,0.25
134260,2/12/42,1942,PTO,Pacific Theater,AUSTRALIA,RAAF,100 SQ,PORT MORESBY,Port Moresby,NEW GUINEA,New Guinea,-9.443333,147.22,ENEMY SHIPPING,NEW GUINEA,New Guinea,BUNA AREA, I HIT ON GONA WRECK,,-8.617455,148.30538,4,,9500,16,250 LB GP (GP-M57),4000
122551,12/6/42,1942,PTO,Pacific Theater,AUSTRALIA,RAAF,HUDSON,PORT MORESBY,Port Moresby,NEW GUINEA,New Guinea,-9.443333,147.22,,NEW GUINEA,New Guinea,SIMBIRI,WRECK,,-4.383333333,144.05,0,4,2,100 LB GP (GP-M30),200,0.1
123719,25/6/42,1942,PTO,Pacific Theater,AUSTRALIA,RAAF,BEAUF,PORT MORESBY,Port Moresby,NEW GUINEA,New Guinea,-9.443333,147.22,,NEW GUINEA,New Guinea,LAE A/D,AIRFIELD,,-6.74143,146.989626,,,,,,
126507,2/8/42,1942,PTO,Pacific Theater,AUSTRALIA,RAAF,CATALINA,PORT MORESBY,Port Moresby,NEW GUINEA,New Guinea,-9.443333,147.22,,NEW GUINEA,New Guinea,LAE- BALAMAUA AREA,,,-6.716666667,147,,,16,250 LB GP (GP-M57),4000,2.16
123720,25/6/42,1942,PTO,Pacific Theater,AUSTRALIA,RAAF,BEAUF,PORT MORESBY,Port Moresby,NEW GUINEA,New Guinea,-9.443333,147.22,,NEW GUINEA,New Guinea,SALAMUA,TOWN,,-7.05711,147.044845,,,,,,
124136,3/7/42,1942,PTO,Pacific Theater,AUSTRALIA,RAAF,HUDSON,PORT MORESBY,Port Moresby,NEW GUINEA,New Guinea,-9.443333,147.22,,NEW GUINEA,New Guinea,SALAMAUA A/D,AIRFIELD,,-7.05711,147.044845,20,,4,250 LB GP (GP-M57),1000,0.5
124137,3/7/42,1942,PTO,Pacific Theater,AUSTRALIA,RAAF,HUDSON,PORT MORESBY,Port Moresby,NEW GUINEA,New Guinea,-9.443333,147.22,,NEW GUINEA,New Guinea,SALAMAUA A/D,AIRFIELD,,-7.05711,147.044845,17.5,,4,250 LB GP (GP-M57),1000,0.5
124138,3/7/42,1942,PTO,Pacific Theater,AUSTRALIA,RAAF,HUDSON,PORT MORESBY,Port Moresby,NEW GUINEA,New Guinea,-9.443333,147.22,,NEW GUINEA,New Guinea,SALAMAUA A/D,AIRFIELD,,-7.05711,147.044845,15,,4,250 LB GP (GP-M57),1000,0.5
124151,4/7/42,1942,PTO,Pacific Theater,AUSTRALIA,RAAF,HUDSON,PORT MORESBY,Port Moresby,NEW GUINEA,New Guinea,-9.443333,147.22,,NEW GUINEA,New Guinea,SALAMAUA A/D,AIRFIELD,,-7.05711,147.044845,0,,1,250 LB GP (GP-M57),250,0.125
124918,21/7/42,1942,PTO,Pacific Theater,AUSTRALIA,RAAF,HUDSON,PORT MORESBY,Port Moresby,NEW GUINEA,New Guinea,-9.443333,147.22,,NEW GUINEA,New Guinea,IVO GONA,SHIPPING,,-7.8,148.0333333,120,,4,250 LB GP (GP-M57),1000,0.5
124976,23/7/42,1942,PTO,Pacific Theater,AUSTRALIA,RAAF,HUDSON,PORT MORESBY,Port Moresby,NEW GUINEA,New Guinea,-9.443333,147.22,,NEW GUINEA,New Guinea,GONA MISSION,,,-8.616666667,148.2833333,10,,4,250 LB GP (GP-M57),1000,0.5
124965,22/7/42,1942,PTO,Pacific Theater,AUSTRALIA,RAAF,HUDSON,PORT MORESBY,Port Moresby,NEW GUINEA,New Guinea,-9.443333,147.22,,NEW GUINEA,New Guinea,BUNA-GONA SHORE,,,-8.580698,148.29965,0,,4,250 LB GP (GP-M57),1000,0.5
125383,26/7/42,1942,PTO,Pacific Theater,AUSTRALIA,RAAF,HUDSON,PORT MORESBY,Port Moresby,NEW GUINEA,New Guinea,-9.443333,147.22,,NEW GUINEA,New Guinea,BANUMI BEACH [BANUMY],SHIPPING,,-8.65,148.3333333,70,,4,250 LB GP (GP-M57),1000,0.5
133808,25/11/42,1942,PTO,Pacific Theater,AUSTRALIA,RAAF,BEAUF,PORT MORESBY,Port Moresby,NEW GUINEA,New Guinea,-9.443333,147.22,,NEW GUINEA,New Guinea,BUNA AREA,ENEMY DESTOYER,,-8.660055,148.418701,3,,4,500 LB GP (GP-M43/M64),2000,1
133810,25/11/42,1942,PTO,Pacific Theater,AUSTRALIA,RAAF,BEAUF,PORT MORESBY,Port Moresby,NEW GUINEA,New Guinea,-9.443333,147.22,,NEW GUINEA,New Guinea,BUNA AREA,ENEMY DESTOYER,,-8.660055,148.418701,300,,,500 LB GP (GP-M43/M64),21400,0.2
134266,2/12/42,1942,PTO,Pacific Theater,AUSTRALIA,RAAF,BEAUF,PORT MORESBY,Port Moresby,NEW GUINEA,New Guinea,-9.443333,147.22,,NEW GUINEA,New Guinea,BUNA AREA - DESTROYERS,ENEMY WARSHIPS,,-8.660055,148.418701,,6,3,0,3000,1.5
127781,26/8/42,1942,PTO,Pacific Theater,AUSTRALIA,RAAF,HUDSON,PORT MORESBY,Port Moresby,NEW GUINEA,New Guinea,-9.443333,147.22,,NEW GUINEA,New Guinea,FALL RIVER,ENEMY SUPPLIES,,-10.31666667,150.4166667,0,,4,250 LB GP (GP-M57),1000,0.5
128180,29/8/42,1942,PTO,Pacific Theater,AUSTRALIA,RAAF,HUDSON,PORT MORESBY,Port Moresby,NEW GUINEA,New Guinea,-9.443333,147.22,,NEW GUINEA,New Guinea,FALL RIVER,ENEMY CONVOY,,-10.31666667,150.4166667,0,,,500 LB GP (GP-M43/M64),2000,1
124505,11/7/42,1942,PTO,Pacific Theater,AUSTRALIA,RAAF,HUDSON,PORT MORESBY,Port Moresby,NEW GUINEA,New Guinea,-9.443333,147.22,,BISMARK ARCHIPELAGO,Bismark Archipelago,"""PORA PORA, NEW BRITAIN""",VILLAGE,,-5.433333333,150.4833333,10,,12,250 LB GP (GP-M57),3000,1.5
128869,7/9/42,1942,PTO,Pacific Theater,AUSTRALIA,RAAF,BEAUF,PORT MORESBY,Port Moresby,NEW GUINEA,New Guinea,-9.443333,147.22,,NEW GUINEA,New Guinea,NE MILNE BAY,ENEMY VESSELS,,-10.75,151.5,,,6,0,12000,6
125384,26/7/42,1942,PTO,Pacific Theater,AUSTRALIA,RAAF,LIB,PORT MORESBY,Port Moresby,NEW GUINEA,New Guinea,-9.443333,147.22,,NEW GUINEA,New Guinea,KIETA HARBOR,2 LARGE TRANSPORTS,,-6.183333333,155.65,80,,,500 LB GP (GP-M43/M64),4500,2.25
130349,3/10/42,1942,PTO,Pacific Theater,AUSTRALIA,RAAF,BEAU,PORT MORESBY,Port Moresby,NEW GUINEA,New Guinea,-9.443333,147.22,,NEW GUINEA,New Guinea,FAISI - BUIN - TONOLEI AREA,SHIPPING,,-7.066666667,155.8833333,,,9,0,,
121470,1/6/42,1942,PTO,Pacific Theater,AUSTRALIA,RAAF,CATALINA,RATHMINES,Rathmines,AUSTRALIA,Australia,-33.0393,151.5921,,NEW GUINEA,New Guinea,TULAGI,FLYING BOAT/DOCKS,,-9.083333333,160.15,0.12,,12,500 LB GP (GP-M43/M64),6000,3.408
121471,1/6/42,1942,PTO,Pacific Theater,AUSTRALIA,RAAF,CATALINA,RATHMINES,Rathmines,AUSTRALIA,Australia,-33.0393,151.5921,,NEW GUINEA,New Guinea,TULAGI,FLYING BOAT/DOCKS,,-9.083333333,160.15,0.1,,10,250 LB GP (GP-M57),2500,1.25
86934,8/6/41,1941,MTO,Mediterranean Theater,AUSTRALIA,RAAF,TOM,,Unidentified,,,,,,LEBANON,Lebanon,BEIRUT,,,33.89,35.51,,,,,,0
93531,10/7/41,1941,MTO,Mediterranean Theater,AUSTRALIA,RAAF,TOM,,Unidentified,,,,,,LEBANON,Lebanon,HAMMANA,,,33.83,35.73,,,118,40 GP,,2.36
90877,28/6/41,1941,MTO,Mediterranean Theater,AUSTRALIA,RAAF,TOM,,Unidentified,,,,,,SYRIA,Syria,PALMYRA,,,34.56,38.27,90,,40,40 GP,,0.8
90896,29/6/41,1941,MTO,Mediterranean Theater,AUSTRALIA,RAAF,TOM,,Unidentified,,,,,,SYRIA,Syria,PALMYRA,,,34.56,38.27,80,,66,40 GP,,1.32
129958,26/9/42,1942,PTO,Pacific Theater,AUSTRALIA,RAAF,HUDSON,,Unidentified,,,,,,TIMOR,Timor,500 TON VESSEL,SHIPPING,,-8.466666667,125.25,0,,4,250 LB GP (GP-M57),1000,0.5
127720,20/8/42,1942,PTO,Pacific Theater,AUSTRALIA,RAAF,HUDSON,,Unidentified,,,,,,TIMOR,Timor,MOABISSE - TIMOR AREA,HUTS,,-8.838056,125.597222,,,10,100 LB GP (GP-M30),1000,0.5
127721,20/8/42,1942,PTO,Pacific Theater,AUSTRALIA,RAAF,HUDSON,,Unidentified,,,,,,TIMOR,Timor,MOABISSE - TIMOR AREA,HUTS,,-8.838056,125.597222,,,7,250 LB GP (GP-M57),1750,0.885
130764,12/10/42,1942,PTO,Pacific Theater,AUSTRALIA,RAAF,HUDSON,,Unidentified,,,,,,TIMOR,Timor,DILI,TOWN,,-8.55,125.66667,0,,4,250 LB GP (GP-M57),1000,0.55
135343,15/12/42,1942,PTO,Pacific Theater,AUSTRALIA,RAAF,BEAUF,,Unidentified,,,,,,AUSTRALIA,Australia,HORN ISLAND - ENEMY SUBMARINE POSSIBLY DAMAGED,ENEMY WARSHIPS,,-10.615585,142.332324,7,1,700,250 LB GP (GP-M57),500,0.25
135344,15/12/42,1942,PTO,Pacific Theater,AUSTRALIA,RAAF,BEAUF,,Unidentified,,,,,,AUSTRALIA,Australia,HORN ISLAND - ENEMY SUBMARINE POSSIBLY DAMAGED,ENEMY WARSHIPS,,-10.615585,142.332324,7,1,700,250 LB GP (GP-M57),500,0.25
133011,16/11/42,1942,PTO,Pacific Theater,AUSTRALIA,RAAF,A20,,Unidentified,,,,,,NEW GUINEA,New Guinea,MAMBARE HARBOR,WRECK,,-8.033333333,148.0166667,500,,,,,0.8
124963,22/7/42,1942,PTO,Pacific Theater,AUSTRALIA,RAAF,P40,,Unidentified,,,,,,NEW GUINEA,New Guinea,IVO GONA,SHIPPING,,-7.8,148.0333333,,,7,500 LB GP (GP-M43/M64),3500,1.75
134996,14/12/42,1942,PTO,Pacific Theater,AUSTRALIA,RAAF,A20,,Unidentified,,,,,,NEW GUINEA,New Guinea,BUNA AREA - 5 DESTROYERS / MOUTH OF KUMUSI RIVER,ENEMY WARSHIPS,,-8.472085,148.234293,10,10,14,500 LB GP (GP-M43/M64),7000,3.5
135311,14/12/42,1942,PTO,Pacific Theater,AUSTRALIA,RAAF,A20,,Unidentified,,,,,,NEW GUINEA,New Guinea,BUNA AREA - 5 DESTROYERS / MOUTH OF KUMUSI RIVER,ENEMY WARSHIPS,,-8.472085,148.234293,10,10,18,250 LB GP (GP-M57),4500,2.25
135315,14/12/42,1942,PTO,Pacific Theater,AUSTRALIA,RAAF,A20,,Unidentified,,,,,,NEW GUINEA,New Guinea,BUNA AREA - BARGES  MOUTH OF KUMUSI RIVER,ENEMY SHIPPING,,-8.472085,148.234293,,7,13,250 LB GP (GP-M57),3250,1.625
135316,14/12/42,1942,PTO,Pacific Theater,AUSTRALIA,RAAF,A20,,Unidentified,,,,,,NEW GUINEA,New Guinea,BUNA AREA - BARGES  MOUTH OF KUMUSI RIVER,ENEMY SHIPPING,,-8.472085,148.234293,,7,13,500 LB GP (GP-M43/M64),6500,3.25
136183,23/12/42,1942,PTO,Pacific Theater,AUSTRALIA,RAAF,B25,,Unidentified,,,,,,NEW GUINEA,New Guinea,BUNA AREA - 1500 TON SHIP,ENEMY SHIPPING,,-8.472085,148.234293,19,5,19,500 LB GP (GP-M43/M64),9500,4.75
134676,7/12/42,1942,PTO,Pacific Theater,AUSTRALIA,RAAF,WIRRAWAY,,Unidentified,,,,,,NEW GUINEA,New Guinea,GONA - DIVE BOMBING REPLACEMENTS,ENEMY MERCHANT SHIPPING,,-8.580698,148.29965,,8,16,250 LB GP (GP-M57),4000,2
136159,22/12/42,1942,PTO,Pacific Theater,AUSTRALIA,RAAF,A20,,Unidentified,,,,,,NEW GUINEA,New Guinea,"""BUNA AREA - ENEMY HQ, DUMPS AT MOUTH OF AMBOGA RIVER""",ENEMY POSITIONS,,-8.634426,148.313724,,5,10,250 LB GP (GP-M57),2500,1.25
136160,22/12/42,1942,PTO,Pacific Theater,AUSTRALIA,RAAF,A20,,Unidentified,,,,,,NEW GUINEA,New Guinea,"""BUNA AREA - ENEMY HQ, DUMPS AT MOUTH OF AMBOGA RIVER""",ENEMY POSITIONS,,-8.634426,148.313724,,5,10,500 LB GP (GP-M43/M64),5000,2.5
136540,26/12/42,1942,PTO,Pacific Theater,AUSTRALIA,RAAF,A20,,Unidentified,,,,,,NEW GUINEA,New Guinea,BUNA AREA - BANKS OF AMBOGA RIVER,ENEMY SHIPPING,,-8.634426,148.313724,,2,2,500 LB GP (GP-M43/M64),1000,0.5
136542,26/12/42,1942,PTO,Pacific Theater,AUSTRALIA,RAAF,A20,,Unidentified,,,,,,NEW GUINEA,New Guinea,BUNA AREA - BANKS OF AMBOGA RIVER,ENEMY SHIPPING,,-8.634426,148.313724,,2,2,250 LB GP (GP-M57),500,0.25
134298,3/12/42,1942,PTO,Pacific Theater,AUSTRALIA,RAAF,P400,,Unidentified,,,,,,NEW GUINEA,New Guinea,BUNA AREA - BRIDGE,ROAD BRIDGE,,-8.804099,148.320948,20,12,12,500 LB GP (GP-M43/M64),6000,3
134603,3/12/42,1942,PTO,Pacific Theater,AUSTRALIA,RAAF,A20,,Unidentified,,,,,,NEW GUINEA,New Guinea,SANANANDA POINT,,,-8.635757,148.368853,,4,8,250 LB GP (GP-M57),2000,1
134604,3/12/42,1942,PTO,Pacific Theater,AUSTRALIA,RAAF,A20,,Unidentified,,,,,,NEW GUINEA,New Guinea,SANANANDA POINT,,,-8.635757,148.368853,,4,8,500 LB GP (GP-M43/M64),4000,2
134609,4/12/42,1942,PTO,Pacific Theater,AUSTRALIA,RAAF,A20,,Unidentified,,,,,,NEW GUINEA,New Guinea,SANANANDA POINT,,,-8.635757,148.368853,20,5,10,500 LB GP (GP-M43/M64),5000,2.5
134612,4/12/42,1942,PTO,Pacific Theater,AUSTRALIA,RAAF,A20,,Unidentified,,,,,,NEW GUINEA,New Guinea,SANANANDA POINT AREA,,,-8.635757,148.368853,10,5,10,250 LB GP (GP-M57),2500,1.25
134261,2/12/42,1942,PTO,Pacific Theater,AUSTRALIA,RAAF,HUDSON,,Unidentified,,,,,,NEW GUINEA,New Guinea,BUNA AREA,ENEMY WARSHIPS,,-8.660055,148.418701,,4,12,250 LB GP (GP-M57),3000,1.5
135367,16/12/42,1942,PTO,Pacific Theater,AUSTRALIA,RAAF,BEAUF,,Unidentified,,,,,,NEW GUINEA,New Guinea,"""BUNA AREA - CONVOY: 1 DD, 2 CARGO SHIPS, 2 TANKERS""",ENEMY WARSHIPS,,-8.660055,148.418701,20,1,8,500 LB GP (GP-M43/M64),4000,2
128129,28/8/42,1942,PTO,Pacific Theater,AUSTRALIA,RAAF,CATALINA,,Unidentified,,,,,,NEW GUINEA,New Guinea,BUNA AIRFIELD,AIRFIELD,,-8.682686,148.423689,,,12,300 LB GP (GP-31),3600,3.4
128131,28/8/42,1942,PTO,Pacific Theater,AUSTRALIA,RAAF,CATALINA,,Unidentified,,,,,,NEW GUINEA,New Guinea,BUNA AIRFIELD,AIRFIELD,,-8.682686,148.423689,,,8,300 LB GP (GP-31),2400,1.2
128166,28/8/42,1942,PTO,Pacific Theater,AUSTRALIA,RAAF,CATALINA,,Unidentified,,,,,,NEW GUINEA,New Guinea,BUNA AIRFIELD,AIRFIELD,,-8.682686,148.423689,0,,,500 LB GP (GP-M43/M64),2000,1
134254,1/12/42,1942,PTO,Pacific Theater,AUSTRALIA,RAAF,HUDSON,,Unidentified,,,,,,NEW GUINEA,New Guinea,BUNA AIRFIELD,AIRFIELD,,-8.682686,148.423689,,3,,250 LB GP (GP-M57),2000,1
134940,10/12/42,1942,PTO,Pacific Theater,AUSTRALIA,RAAF,A20,,Unidentified,,,,,,NEW GUINEA,New Guinea,BUNA AREA,ENEMY POSITIONS,,-8.682686,148.423689,50,6,6,500 LB GP (GP-M43/M64),3000,1.5
134941,10/12/42,1942,PTO,Pacific Theater,AUSTRALIA,RAAF,A20,,Unidentified,,,,,,NEW GUINEA,New Guinea,BUNA AREA,ENEMY POSITIONS,,-8.682686,148.423689,50,6,6,250 LB GP (GP-M57),1500,0.75
134960,11/12/42,1942,PTO,Pacific Theater,AUSTRALIA,RAAF,WIRRAWAY,,Unidentified,,,,,,NEW GUINEA,New Guinea,BUNA AREA DIVE BOMBED,ENEMY POSITIONS,,-8.674806,148.423919,24,6,,100 LB GP (GP-M30),2400,1.2
134964,12/12/42,1942,PTO,Pacific Theater,AUSTRALIA,RAAF,A20,,Unidentified,,,,,,NEW GUINEA,New Guinea,BUNA MISSION,ENEMY POSITIONS,,-8.674806,148.423919,,6,12,250 LB GP (GP-M57),3000,1.5
134965,12/12/42,1942,PTO,Pacific Theater,AUSTRALIA,RAAF,A20,,Unidentified,,,,,,NEW GUINEA,New Guinea,BUNA MISSION,ENEMY POSITIONS,,-8.674806,148.423919,,6,12,500 LB GP (GP-M43/M64),6000,3
134984,13/12/42,1942,PTO,Pacific Theater,AUSTRALIA,RAAF,HUDSON,,Unidentified,,,,,,NEW GUINEA,New Guinea,BUNA AREA,ENEMY POSITIONS,,-8.674806,148.423919,30,4,2,250 LB GP (GP-M57),500,0.25
128883,8/9/42,1942,PTO,Pacific Theater,AUSTRALIA,RAAF,HUDSON,,Unidentified,,,,,,NEW GUINEA,New Guinea,N OF GOODENOUGH ISLAND,CRUISER & DESTROYER,,-9.366666667,150.2333333,,,8,250 LB GP (GP-M57),2000,1
129255,11/9/42,1942,PTO,Pacific Theater,AUSTRALIA,RAAF,HUDSON,,Unidentified,,,,,,NEW GUINEA,New Guinea,FALL RIVER,2 DESTROYERS,,-10.31666667,150.4166667,19,,,250 LB GP (GP-M57),4750,2.375
131919,27/10/42,1942,PTO,Pacific Theater,AUSTRALIA,RAAF,HUDSON,,Unidentified,,,,,,NEW GUINEA,New Guinea,DOBU PASSAGE /FERGUSON ISLAND,BARGES ON BEACH,,-9.75,150.9,20,,,100 LB GP (GP-M30),2000,1.11
124128,3/7/42,1942,PTO,Pacific Theater,AUSTRALIA,RAAF,B17,,Unidentified,,,,,,NEW GUINEA,New Guinea,KOEPANG (PENFOIE AIRFIELD),AIRFIELD,,-8.666666667,151.3333333,24,4,24,500 LB GP (GP-M43/M64),12000,6
125382,26/7/42,1942,PTO,Pacific Theater,AUSTRALIA,RAAF,HUDSON,,Unidentified,,,,,,NEW GUINEA,New Guinea,PENFOEI,AIRDROME,,-8.666666667,151.3333333,135,,14,250 LB GP (GP-M57),3500,1.75
128488,4/9/42,1942,PTO,Pacific Theater,AUSTRALIA,RAAF,HUDSON,,Unidentified,,,,,,NEW GUINEA,New Guinea,MILNE BAY,CRUISER,,-10.75,151.5,0,,4,250 LB GP (GP-M57),1000,0.5
128866,7/9/42,1942,PTO,Pacific Theater,AUSTRALIA,RAAF,HUDSON,,Unidentified,,,,,,NEW GUINEA,New Guinea,NE MILNE BAY,ENEMY VESSELS,,-10.75,151.5,,,12,250 LB GP (GP-M57),3000,1.5
126921,8/8/42,1942,PTO,Pacific Theater,AUSTRALIA,RAAF,CATALINA,,Unidentified,,,,,,BISMARK ARCHIPELAGO,Bismark Archipelago,VUNAKANAU,AIRFIELD,,-4.325175,152.131516,0,,,500 LB GP (GP-M43/M64),2000,1
126915,8/8/42,1942,PTO,Pacific Theater,AUSTRALIA,RAAF,CATALINA,,Unidentified,,,,,,NEW GUINEA,New Guinea,LAKUNAI A/D,BUILDINGS,,-4.229885,152.185671,,,3,250 LB GP (GP-M57),750,0.375
128439,2/9/42,1942,PTO,Pacific Theater,AUSTRALIA,RAAF,CATALINA,,Unidentified,,,,,,NEW GUINEA,New Guinea,BUKA A/D,AIRFIELD,,-5.422222,154.6725,,,12,250 LB GP (GP-M57),3000,1.5
124571,18/7/42,1942,PTO,Pacific Theater,AUSTRALIA,RAAF,LB30,,Unidentified,,,,,,NEW GUINEA,New Guinea,KIETA,AIRFIELD,,-6.3,155.7,25,,,500 LB GP (GP-M43/M64),6000,3
123776,30/6/42,1942,PTO,Pacific Theater,AUSTRALIA,RAAF,CATALINA,,Unidentified,,,,,,NEW GUINEA,New Guinea,TULAGI SIOTA REGION,BUILDINGS,,-9.083333333,160.15,,,8,250 LB GP (GP-M57),2000,1.0675
123778,30/6/42,1942,PTO,Pacific Theater,AUSTRALIA,RAAF,CATALINA,,Unidentified,,,,,,NEW GUINEA,New Guinea,TULAGI HALETA,BUILDINGS,,-9.083333333,160.15,40,,6,250 LB GP (GP-M57),1500,0.8
123779,30/6/42,1942,PTO,Pacific Theater,AUSTRALIA,RAAF,CATALINA,,Unidentified,,,,,,NEW GUINEA,New Guinea,TULAGI BUNGANA ISLAND,BUILDINGS,,-9.083333333,160.15,40,,4,250 LB GP (GP-M57),1000,0.55